session,path,channel,index,bytes,sha256
260813,260813/PZTO/PZTO_AC_0000.ibw,AC,0,1145794,3835a9992ce0e5a42158052bac72b5eaaf120bf1b5860dc7b999d3592f1106a9
260813,260813/PZTO/PZTO_AC_0001.ibw,AC,1,1145803,0097b140b571e9cd8dbf3260d5b9cb3a5b8bb5252a7c2624274f5166c07dba90
260813,260813/PZTO/PZTO_LDART_0000.ibw,LDART,0,1695778,3993ba995c0a3af1888b454ecb257667f26a251dd9ad19d351c464dfc5158824
260813,260813/PZTO/PZTO_LDART_0001.ibw,LDART,1,1695780,3efc7476e12f41c691f3292b6eb192d73be5f59f940213cbb2094ca03ffed60e
260813,260813/PZTO/PZTO_LDART_0002.ibw,LDART,2,1695788,e49a0bb0ddd95a213d984d4415c587c733a2834af465c3638493b55f66009c30
260813,260813/PZTO/PZTO_LDART_0003.ibw,LDART,3,1695584,a272f5794d8815ff65a782f8f21877c1b1f3f244eab93ecb733400ef5fe40b0e
260813,260813/PZTO/PZTO_LDART_0004.ibw,LDART,4,1695554,353f9929ebef06de90b365e37e8e6c5e4998a658f3ac6957413675391bfb8bcb
260813,260813/PZTO/PZTO_LDART_0005.ibw,LDART,5,1695549,4587753fc48ad3dead897de399c576a4571ea58c42dc1a77e482423c3dc30263
260813,260813/PZTO/PZTO_LDART_0006.ibw,LDART,6,1695534,4b7e7dd1bb736697fb6185c5a58d54215433fa7388edc932d40859d0350ed9ff
260813,260813/PZTO/PZTO_LDART_0007.ibw,LDART,7,1695543,102c971f0c2b81ff778f0d48db34c10ef94f509c07a75b460cb159efcc49a96f
260813,260813/PZTO/PZTO_LDART_0008.ibw,LDART,8,1695552,aed9ef4f0adaae1d58e6e747ef2cb707da9a2b7d7eeba19032259fcb0c2e9766
260813,260813/PZTO/PZTO_LDART_0009.ibw,LDART,9,1695555,e4bbfb8d431cfdab0178d1540fbd41355696685867ca4f8913061b8365ccef00
260813,260813/PZTO/PZTO_LDART_0010.ibw,LDART,10,1695538,8026fc3a723b38033d34a25f87ac64535d99c6428a58ee47b2d3d2fc1e225616
260813,260813/PZTO/PZTO_LDART_0011.ibw,LDART,11,1695539,7319f7bf593cd8539ea2beb30bf86e9a0400c06c37162fd3ef631e21bb5c08a8
260813,260813/PZTO/PZTO_LDART_0012.ibw,LDART,12,1695534,1e6c304aeb7ccac03b0f74287542a53f2ad32794e878658c95bbd985f6933b4b
260813,260813/PZTO/PZTO_LDART_0013.ibw,LDART,13,1695551,938db89d50610f7dc62907fac70bd091fc3762a8c913cb785fbfb7277f4f011c
260813,260813/PZTO/PZTO_LDART_0014.ibw,LDART,14,1695552,a0b12fa5b1738e4501bc75dfc993d91e1669b1fdf690fca3f8c51ddab631fe89
260813,260813/PZTO/PZTO_LDART_0015.ibw,LDART,15,1695555,28be41d573aca327c82628c3dfb755db7254ab90e800c53e0c4670a6cf342058
260813,260813/PZTO/PZTO_LDART_0016.ibw,LDART,16,1695554,59cd484ba30db2afc7ae5706103d149373218a13e7bdb097aacacb3e54cab913
260813,260813/PZTO/PZTO_LDART_0017.ibw,LDART,17,1695556,7b1f01875f08768d2a5e35dca8205b2da42942836099da3e111684b57c341c97
260813,260813/PZTO/PZTO_LDART_0018.ibw,LDART,18,1695811,707e230c4ed0c93f01bd9a1d8e832f8d8de9f716b170397bb1f6d2704240b4a3
260813,260813/PZTO/PZTO_LDART_0019.ibw,LDART,19,1695815,8e2ec308d40954610d46a493896f19e717ac8ddcb8eee360517cbbb2d6b97c53
260813,260813/PZTO/PZTO_LDART_0020.ibw,LDART,20,1695822,24f63a7ea8219e791b3770806f759cf5cb878f5c351b0896d26000bb5ad86cad
260813,260813/PZTO/PZTO_LDART_0021.ibw,LDART,21,1695818,c0e43185cf26ec3caf13082fbb7a9563f3137741520100386b2a4c41a018785b
260813,260813/PZTO/PZTO_LDART_0022.ibw,LDART,22,1695855,a132ed6cd63d50a3bac4adad21cf5175c160b84a1007f3f8820801458023fa49
260813,260813/PZTO/PZTO_LDART_0023.ibw,LDART,23,1695856,66d44b3c86abc5c49b99109a230f8784d16862076d58e32e6efe7970830a5440
260813,260813/PZTO/PZTO_LDART_0024.ibw,LDART,24,1695855,83cae26c70894496840949b547154e43e3b1896cd750acc573f0d6eb570f01db
260813,260813/PZTO/PZTO_LDART_0025.ibw,LDART,25,1695852,b87b89fae3e91312ded972657eeb499171a7f385429cfd637de62c9994c0a3ad
260813,260813/PZTO/PZTO_LDART_0026.ibw,LDART,26,1695818,b254340267436c5ea9f939b77ecb23f3712ca927174c61b154a980074307848e
260813,260813/PZTO/PZTO_LDART_0027.ibw,LDART,27,1695846,d941426aae66361a26dafe27c41e21cdd94a50e913cb90406dad19b94ee2a0ce
260813,260813/PZTO/PZTO_LDART_0028.ibw,LDART,28,1695835,128179bd979b3746c545a4ac08ec950ea0279cdb5e3ff9c6b7969b7fd033c56f
260813,260813/PZTO/PZTO_LDART_0029.ibw,LDART,29,1695866,6b973701a9ddb53789f176647c8573b13af18d4f9acd8fcc84e94222e1f0a68e
260813,260813/PZTO/PZTO_LDART_0030.ibw,LDART,30,1695841,b6dcc3516e9e603e7a6e35e8e6cac2af534a367981b120002d9a6a8649cc4b40
260813,260813/PZTO/PZTO_LDART_0031.ibw,LDART,31,1695829,b590cc152e607822dde8e5244e94840b49578a9bc153836011b473f2f3de712c
260813,260813/PZTO/PZTO_LDART_0032.ibw,LDART,32,1695848,4a5b34668d243b9acac648d3ad38d59dc8b74b7e829f0ec5ad7a3a1702ee3c68
260813,260813/PZTO/PZTO_LDART_0033.ibw,LDART,33,1695865,0f5ffde120a824ecc129fb95bdc8213cfa36f7de4f6ce6e08781d4ae7d5f3199
260813,260813/PZTO/PZTO_LDART_0034.ibw,LDART,34,1695839,ef008d205c1bd830902de447e16a003a9966135e7c9531e1d6a6ef932cd12027
260813,260813/PZTO/PZTO_LDART_0035.ibw,LDART,35,1695865,a19dede0d26fcd1c04624bdbc39a8c4c27bb078bad4abb32a6fe66e5429a794f
260813,260813/PZTO/PZTO_LDART_0036.ibw,LDART,36,1695855,b669321de2c98bdbfef362ed762930f11243f9e5fbf803829521c0f77566974e
260813,260813/PZTO/PZTO_LDART_0037.ibw,LDART,37,1695844,8c92d4e24f0efd84614b342bb9ccea2010b2a3e896626d1b703d19bd80c828b5
260813,260813/PZTO/PZTO_LDART_0038.ibw,LDART,38,1695860,b631220fd6e68d375f2a5ef8678c228b4ca64468b052676f7c21357c7a046c05
260813,260813/PZTO/PZTO_LDART_0039.ibw,LDART,39,1695851,a339462c740896a410faa6a10327f7536b791e51dc561a172a8ea9c577bfe44a
260813,260813/PZTO/PZTO_LDART_0040.ibw,LDART,40,1695858,1dcba709b4ddd98cd27f737f55a286ba61ed90d3367d24baaf62dfdcb43b1fd3
260813,260813/PZTO/PZTO_LDART_0041.ibw,LDART,41,1695848,6e2668dd3387c89e9a584a9943f9f39502fc31976c84444247d7f1b010728786
260813,260813/PZTO/PZTO_LDART_0042.ibw,LDART,42,1695803,ece51eee52d6f681fcf5eaaf1478e50f7b6183aa16e8e26f07d9334604ce3388
260813,260813/PZTO/PZTO_LDART_0043.ibw,LDART,43,1695700,a2d974120ad0e8e39b29baff838d999ac1bda531345e3319cb1cc00e4689878a
260813,260813/PZTO/PZTO_LDART_0044.ibw,LDART,44,1695605,9380c1f6522b67d8ee5c211f337639b198a5e4fe3d9363f82cbf154175424584
260813,260813/PZTO/PZTO_LDART_0045.ibw,LDART,45,1695609,5d446a405898196b8e203dc05bea5bf476375782c38dc31af212b1051ca0492a
260813,260813/PZTO/PZTO_VDART_0000.ibw,VDART,0,1695751,9a6faf42080de28618be120622c07d2207ee174bb56a61ce29fd62aea1435cd7
260813,260813/PZTO/PZTO_VDART_0001.ibw,VDART,1,1695785,a88dc4b1dd0af4253f76ab4cd81d0589fee63453bb534176dac89fa917b5ad91
260813,260813/PZTO/PZTO_VDART_0002.ibw,VDART,2,1695517,058b9dd2b6ad3149e8b8ad305dc18100ff449a709f215347ee2132a40b82b311
260813,260813/PZTO/PZTO_VDART_0003.ibw,VDART,3,1695540,17923650ace51d6d8ad396015790e828ddad7924537611a825342e32991706c7
260813,260813/PZTO/PZTO_VDART_0004.ibw,VDART,4,1695524,8d41b9caea97e840df4a548c6b46b3d14746fba04f90cd0e1edac6b1ba647e9b
260813,260813/PZTO/PZTO_VDART_0005.ibw,VDART,5,1695532,6841558319caa8bef47c3255a5e5b9063188e3c45257e28b09f797850ab1a9aa
260813,260813/PZTO/PZTO_VDART_0006.ibw,VDART,6,1695518,e05051b993bb8819226da440404806821abd07b1ff7c49c2bb7b11b7e57dbfed
260813,260813/PZTO/PZTO_VDART_0007.ibw,VDART,7,1695515,112bfb0e4b1f0cca7746e7bea614c16be477345b358a654ecd8f07bbe95e371e
260813,260813/PZTO/PZTO_VDART_0008.ibw,VDART,8,1695526,20b68d0414e78118321c96d68bc963bc1fb8c314f6f0dab4ba6cf9169940f7d3
260813,260813/PZTO/PZTO_VDART_0009.ibw,VDART,9,1695529,9b92be9176429e78691799908f281d07d24f28dd8498d5c4fc0a4dccf16821d7
260813,260813/PZTO/PZTO_VDART_0010.ibw,VDART,10,1695524,980a3af7f74d7fbfd38b2e70b47d5727d87f459b2b45039f6187f49fc2a420cc
260813,260813/PZTO/PZTO_VDART_0011.ibw,VDART,11,1695538,68e3a18f7bb62b4729d70ace555d6ea9713b2454ec5d497c829a48f7dbe938bc
260813,260813/PZTO/PZTO_VDART_0012.ibw,VDART,12,1695796,3da54d7279a37d89032f2b73250a3e426a4a93804a87291b3b9ee0c1aa85cde9
260813,260813/PZTO/PZTO_VDART_0013.ibw,VDART,13,1695792,d4832c2bdfe80a8d5f2c875c4cd7c749fdec63590105dacd3d1d0d7ae4a7aead
260813,260813/PZTO/PZTO_VDART_0014.ibw,VDART,14,1695794,4910a2acc95164bdd304e6929f998bda388c614b78dbbd40d542913fd304d14a
260813,260813/PZTO/PZTO_VDART_0015.ibw,VDART,15,1695822,80273c7fa47be33f2a9a36b5508950948fa92b0f1ca3bd6ea1ea44745d6845c0
260813,260813/PZTO/PZTO_VDART_0016.ibw,VDART,16,1695829,a171434fb55a460ba315ab74bc7c80a13628fe2b3688397ed6b3e2b476bc4137
260813,260813/PZTO/PZTO_VDART_0017.ibw,VDART,17,1695835,a5263c4e6997e204bfd52321dd904536d2baf575f35009c925293a87d9efe9a2
260813,260813/PZTO/PZTO_VDART_0018.ibw,VDART,18,1695835,ce21a24862fdc355d2b3db78c026b6bcbf8da5a30f6f9332c001dcd9423dc660
260813,260813/PZTO/PZTO_VDART_0019.ibw,VDART,19,1695817,f00a8c01da0b496279e7f99e888f77627b142dbec7ac2444ebd700c295fee6a7
260813,260813/PZTO/PZTO_VDART_0020.ibw,VDART,20,1695831,0efbde98605487fed675c69fb4a878c6221b497cea3416a59dac23bf8d7d3d47
260813,260813/PZTO/PZTO_VDART_0021.ibw,VDART,21,1695837,828d360aba8552206533420cc7f0ae74bdaaadf1a78b3e849ba5fbfb8380ee65
260813,260813/PZTO/PZTO_VDART_0022.ibw,VDART,22,1695825,e2eb7e6fabb038fabe9dfe6b62f773385926bc5b8b40484ad8ae1be9b150e7b8
260813,260813/PZTO/PZTO_VDART_0023.ibw,VDART,23,1695572,20360408c1309ad1a665254065f700987c7d08937fb7af0b7fb2d3b1e0292fff
260820,260820/PZTO/PZTO_LDART_0000.ibw,LDART,0,1695732,76d92ba9fdf104ec58bae76978364b8eeb26f406da9fed5b4666507844cc17d1
260820,260820/PZTO/PZTO_LDART_0001.ibw,LDART,1,1695740,e0c48c9fe7f5c3f83ff2102cb6e9f50399f034c7b58981ce99970e1540a9415a
260820,260820/PZTO/PZTO_LDART_0002.ibw,LDART,2,1695751,ac7f5d64fea440cc68bef10521388c36baa0ebc56dbf4cf86febb73021761034
260820,260820/PZTO/PZTO_LDART_0003.ibw,LDART,3,1695764,4f802c561b7123df8f3166b69c6091cc562707b9ccc1d7159c6781820d1ac1f7
260820,260820/PZTO/PZTO_LDART_0004.ibw,LDART,4,1695771,515f785c6ac0bedba782768a8513ad08bea86b92ee7def78ffdccc406bb12383
260820,260820/PZTO/PZTO_LDART_0005.ibw,LDART,5,1695773,78d2cd960abd374f08e45b81171d4e882cfa6c62c3844339283077416b5e9f52
260820,260820/PZTO/PZTO_LDART_0006.ibw,LDART,6,1695784,62228af114eefe9b664642fc35daab389abfda2f38c67da3e502e58f0bc89037
260820,260820/PZTO/PZTO_LDART_0007.ibw,LDART,7,1695755,4b69a9dc6589275f3aba0100d4e512f60e9d465bdcc176a6dc4c4a3f21c83860
260820,260820/PZTO/PZTO_LDART_0008.ibw,LDART,8,1695770,299e5816a7412854c6c7e873db1b27df937011cca2b5ddb356b415611790fdb3
260820,260820/PZTO/PZTO_LDART_0009.ibw,LDART,9,1695786,4d71869114487855d212f8f085e91988f6023e3658c03828ea8fc1f4fe34da62
260820,260820/PZTO/PZTO_LDART_0010.ibw,LDART,10,1695794,22ba53c3536f01d3c3c27af39c9bf2956091dee30cdb4e635573d30bbfdb3ed1
260820,260820/PZTO/PZTO_LDART_0011.ibw,LDART,11,215495,9ce2a62480be8769becbd0f14f2a8e4554a505d16cf742daa2f5bfc724a34b17
260820,260820/PZTO/PZTO_LDART_0012.ibw,LDART,12,1695778,f077a7ae564305c77dbf0ac785a77347c4387bbe21fce613c1ec311487837d0e
260820,260820/PZTO/PZTO_LDART_0013.ibw,LDART,13,1695783,e89dd0cbadb1d3d7b6412d68b6628ad87a41f6082ef2e25428864d227b2af63d
260820,260820/PZTO/PZTO_LDART_0014.ibw,LDART,14,1695789,d56b5cb326093180fc0b7fd60a1882bbf1012cf2d8200ddfe16edc19c17de20b
260820,260820/PZTO/PZTO_LDART_0015.ibw,LDART,15,215495,6e3226a0ecfe01859dcb330d6aedf8c618984bfc7eefa821426d869cd56a4daa
260820,260820/PZTO/PZTO_LDART_0016.ibw,LDART,16,1695790,542910eb088cba3e4d061fde0b56661ee4ce03f528f82722f7a458f2ac27d3bb
260820,260820/PZTO/PZTO_LDART_0017.ibw,LDART,17,1695806,dedf51379460dc52d2515fbe5ea3c4fc923a39399722abfa930f8987366a7cfd
260820,260820/PZTO/PZTO_LDART_0018.ibw,LDART,18,1695799,35de49ff893856a6d9abb558bb8e89a6fc0da31ae1b582a7d505a0c79f7b86bd
260820,260820/PZTO/PZTO_LDART_0019.ibw,LDART,19,215498,393a213ecdc38331d9234cdbe46ec44da7d88591e63a811c5948f2d92df8a9de
260820,260820/PZTO/PZTO_LDART_0020.ibw,LDART,20,1695797,7ca4b09955a14b8727f113b21912ce5f64a87986f1e005c222163e29572bca7c
260820,260820/PZTO/PZTO_LDART_0021.ibw,LDART,21,215488,0d7e6a3e4a7aeb898f71ee957b9c1bb1c4c1036b9013eee9e52c6d6b491ecf72
260820,260820/PZTO/PZTO_LDART_0022.ibw,LDART,22,1695791,fa58699ad93e62bc4344d0192d21705640beb2046f3748f6a2c8c578b198c163
260820,260820/PZTO/PZTO_LDART_0023.ibw,LDART,23,1695806,1f8a3a774b29a17bd1332ac9f0c756e09c66589b025b0c0135858cef69ea5a94
260820,260820/PZTO/PZTO_LDART_0024.ibw,LDART,24,1695796,53b335691a031a45c5f9b45c2c503966c158d0f7a3d16c94fe073af2b39071e6
260820,260820/PZTO/PZTO_LDART_0025.ibw,LDART,25,215509,f441ba0c4af15b9e2615b18fef4e48a82f53be3b83cad72d1507830e89d0aad7
260820,260820/PZTO/PZTO_LDART_0026.ibw,LDART,26,215517,fc26b20b189c433305f43067ccfcc1007cd1f4d9178abd63838cc0409b2b5a14
260820,260820/PZTO/PZTO_LDART_0027.ibw,LDART,27,1695810,f0a67f9fe71108ecf3723443c196200313a0ceef8311b02ebfa12fe232ee9420
260820,260820/PZTO/PZTO_LDART_0028.ibw,LDART,28,1695816,ea8da45800fcb501293c3c17712e121298179cb83d2424425546678aa7c781b7
260820,260820/PZTO/PZTO_LDART_0029.ibw,LDART,29,1695808,ebab336f8b0c3329746d29d1bdd32666a6fb273b744acfd676ef8adf8011a137
260820,260820/PZTO/PZTO_LDART_0030.ibw,LDART,30,1695811,b60740f5f6b89a1a712e5905aaf9f492987393c863ab1312a1f547817ab6fc69
260820,260820/PZTO/PZTO_LDART_0031.ibw,LDART,31,215523,1e6decd49ee1c658a2d0da2132be249ed89eb3c130c6b4b3fdbd374ea07a26ea
260820,260820/PZTO/PZTO_LDART_0032.ibw,LDART,32,215526,50b24dec427a451ab32c3009ade50853a221dd6ee03db4d234377c2a83291a32
260820,260820/PZTO/PZTO_LDART_0033.ibw,LDART,33,1695805,4030bf6e7de8fa5c34a3717f947f3f34b3ed99848f99c49ef5aa10edaf5dcb1c
260820,260820/PZTO/PZTO_LDART_0034.ibw,LDART,34,1695818,d472715b10566db827c24da636f5c25326b46a338ba3030666a89b9108eef502
260820,260820/PZTO/PZTO_LDART_0035.ibw,LDART,35,1695808,904a16950f2596384efbcf394f3e55f67e2d3abb3f29d6ed375e2c3e0229f5fc
260820,260820/PZTO/PZTO_LDART_0036.ibw,LDART,36,1695825,8da6e900eaea5fb644501f2a1ae34774a7343ee501f302852673f4bcb210dd18
260820,260820/PZTO/PZTO_LDART_0037.ibw,LDART,37,215514,2fef063e566aab1f2a51dd74a436828c5e8fc017f912ae96b88cc8695ae9d957
260820,260820/PZTO/PZTO_LDART_0038.ibw,LDART,38,215525,f9ebd1849df025c0df519db751a1004efd35847551ab55946ccc7b90f281738a
260820,260820/PZTO/PZTO_LDART_0039.ibw,LDART,39,1695825,01922081ce6518506e3a69db4af4500c504bd95c5e2e06c5e26d30427f10f609
260820,260820/PZTO/PZTO_LDART_0040.ibw,LDART,40,1695813,37d45b44e9539877f1bdb22208a40072cfe5a02df52600e599eaa0edee801488
260820,260820/PZTO/PZTO_LDART_0041.ibw,LDART,41,1695825,1aa6d508dad39ef8d72eac9c9fc0bfee37bea6c7c02b7b6db85314c28c59f380
260820,260820/PZTO/PZTO_LDART_0042.ibw,LDART,42,1695830,f9c738457a15c3dc71921a8001f06ee67cab4afc60814cf2cac6f6ee30f84661
260820,260820/PZTO/PZTO_LDART_0043.ibw,LDART,43,215514,94ff1829dbe8c01a299edb9debf1e038c3644002b483b8293d063e88dc7f78d7
260820,260820/PZTO/PZTO_LDART_0044.ibw,LDART,44,215503,85c2b379502a98240dfdd18c750f2cf807ad536f380747b717df118284138dfb
260820,260820/PZTO/PZTO_LDART_0045.ibw,LDART,45,215519,5c649d692f2b76a56c51861953a38943e2a984016783875b9283de43a408e08a
260820,260820/PZTO/PZTO_LDART_0046.ibw,LDART,46,1695789,89b76ee90e6cd5d96a5d7b1d6a71ec499f857b01ef5ebae86ab37b004de61dfd
260820,260820/PZTO/PZTO_LDART_0047.ibw,LDART,47,1695815,8f0d54993896e62cd4497b9b863644e8408369e4f3360806c288880e6c77c49c
260820,260820/PZTO/PZTO_LDART_0048.ibw,LDART,48,1695815,3c95ab72257551c7db67b26cbefb4b9d9c170f98940c460f9e761c93d0dc32ba
260820,260820/PZTO/PZTO_LDART_0049.ibw,LDART,49,1695812,e86d8d3f632d162222892f268f44c55fabb84bca9540ef05d773dc0b3f27a5fb
260820,260820/PZTO/PZTO_LDART_0050.ibw,LDART,50,1695819,ae61d533d60d18ffa1447e44f9057429c3f8deef823d800e0f029ff0f38987ee
260820,260820/PZTO/PZTO_LDART_0051.ibw,LDART,51,1695810,03e90fbb79f24bad07ef55d2989e0decbc4dd80d7d961199d033cd11836803aa
260820,260820/PZTO/PZTO_LDART_0052.ibw,LDART,52,1695824,c3bc07cbe5a73ff76b3f26039618d8730f21c392cc6049efe1128242b84fb010
260820,260820/PZTO/PZTO_LDART_0053.ibw,LDART,53,1695826,e7192dccc5c2a2682c42dc413e43296ae92f7bd559b441ce96bb40a82b5e584a
260820,260820/PZTO/PZTO_LDART_0054.ibw,LDART,54,1695815,113f8eef567091cf4410e9008b615cc4ea20a244d6f47cedd5b61419da0edc42
260820,260820/PZTO/PZTO_LDART_0055.ibw,LDART,55,1695818,56f3bfdb75229f9ed03797d60559d893881291ce08b50b2142018601d96398bd
260820,260820/PZTO/PZTO_LDART_0056.ibw,LDART,56,1695822,3d9fea08c8cc49b3f1ec5331e796d85f0a8079d3db3b86d34f29164e4d1c8501
260820,260820/PZTO/PZTO_LDART_0057.ibw,LDART,57,1695813,dcd73247ba9b5dff9a5c66095bdd1bc597027055abc8555bd7620704d860c31a
260820,260820/PZTO/PZTO_LDART_0058.ibw,LDART,58,1695826,ef7053584c0da4524fb5b12645c705db65435eda082e3fd2165df977c51b5c56
260820,260820/PZTO/PZTO_LDART_0059.ibw,LDART,59,1695834,48db0a3b6b3b3a1de39d60802cce846158e0fa6d0bbd23f8c93325c05630e971
260820,260820/PZTO/PZTO_LDART_0060.ibw,LDART,60,1695827,a965c7b20c25a18a21b8b93712ab81f55690ddcb0025edca319561b0551a9f87
260820,260820/PZTO/PZTO_LDART_0061.ibw,LDART,61,1695537,ad8c7c9af2acc06edd9a539db4c188dfe401cfefe6b51fcb2070a654ff9d1421
260820,260820/PZTO/PZTO_LDART_0062.ibw,LDART,62,1695546,520f63a7691b3d3ac4e0e113e85a2f34a79626e35b21f4b7c099b8744ebce650
260820,260820/PZTO/PZTO_LDART_0063.ibw,LDART,63,1695541,e6d84764d9461439201a7b93b78cc68024bb7c04f0ab6be6fb6737117abc4550
260820,260820/PZTO/PZTO_LDART_0064.ibw,LDART,64,1695541,f760427e7f4cdf625417b72a9b3c1b173920b37a6c00c2557a0ca6bdcd69d7f9
260820,260820/PZTO/PZTO_LDART_0065.ibw,LDART,65,1695551,9c5e638a694fbc3bf7f7f911c35b4f92dc92b1517188968061f7a0aefd5ebec1
260820,260820/PZTO/PZTO_LDART_0066.ibw,LDART,66,1695547,95d2ade77c5ae30acc94b0cbb3231b62df47d1a47acfdf9209a575de27283ea4
260820,260820/PZTO/PZTO_LDART_0067.ibw,LDART,67,1695544,5adf27f8db97ec861c7670f389378dd438a99ce640078fea0ab0687b5e48bdb5
260820,260820/PZTO/PZTO_LDART_0068.ibw,LDART,68,1695547,ba40a2af735b7966923116052d1dd7de30465861d81d4a0130fc31d12f97bea6
260820,260820/PZTO/PZTO_LDART_0069.ibw,LDART,69,1695531,9a9368c4c8cc02d7a091b49b0fb9908ee07a2b9459ddad41b8c28481eb632c05
260820,260820/PZTO/PZTO_LDART_0070.ibw,LDART,70,1695540,0016a4463173ce713b1db85167b3f75c6ca76d7771cbb53deef8254fb9b5a9ce
260820,260820/PZTO/PZTO_LDART_0071.ibw,LDART,71,1695547,944a4cc35d664c2431cec74426912e8b410103ca5945afaca67fe6583add235c
260820,260820/PZTO/PZTO_LDART_0072.ibw,LDART,72,1695530,5e236b33c102d0c7242ba4c308df74a9365d232e282e6149259fde0c229fc9db
260820,260820/PZTO/PZTO_LDART_0073.ibw,LDART,73,1695542,4bc0aaf39b809fbf8fce9f295f98a65430a9dc6c460e0328287499b2af96e95b
260820,260820/PZTO/PZTO_LDART_0074.ibw,LDART,74,1695532,65afae39d26ae2b30a63c5110a71e8f0edfd76908fc9bbca5a0c3f7a1fac967d
260820,260820/PZTO/PZTO_LDART_0075.ibw,LDART,75,1695561,9623b05778110fd8f4e5863ca1f7590a42ed288904b7cac569c4f6f81a5f17c4
260820,260820/PZTO/PZTO_LDART_0076.ibw,LDART,76,1695572,4bc95d135758bc24cb35cca39ff2b1f3a501383bdcaa970d747b0533666ed22e
260820,260820/PZTO/PZTO_LDART_0077.ibw,LDART,77,1695583,d7885e6c24fe2991be13f81f2a522bbe53fe9ce428de7aa4f71bc58fe0d66be0
260820,260820/PZTO/PZTO_LDART_0078.ibw,LDART,78,1695568,127f0004881ccaf244af623ab5362c42c706f55423e8006f289029106f35f4fb
260820,260820/PZTO/PZTO_LDART_0079.ibw,LDART,79,1695561,0628bc0aec04498629cd49fc227b8870fe63ae6c9563b4baa9517185737c92f4
260820,260820/PZTO/PZTO_LDART_0080.ibw,LDART,80,1695548,588ce15e907742c14cd4f6530d653911f6f856783bf23470209396be85c6d13f
260820,260820/PZTO/PZTO_LDART_0081.ibw,LDART,81,1695553,3266ea0c3959efae70df54279d9ff89e1469f8e304eda33dbd802c186eea079e
260820,260820/PZTO/PZTO_LDART_0082.ibw,LDART,82,1695554,9c6ad43d098b68b38ac753e6f92d9a5404baf72bbb9a5192b42ac5f75118df4d
260820,260820/PZTO/PZTO_LDART_0083.ibw,LDART,83,1695554,d35fb4bbc995e5ea5d1ef24fd469b7353026dcb6d3373ad3c9f8c737cb826672
260820,260820/PZTO/PZTO_LDART_0084.ibw,LDART,84,1695561,1533c6cdf02cb468980b041000780e2cc9c337d822e503d84561cf34e545b5c4
260820,260820/PZTO/PZTO_LDART_0085.ibw,LDART,85,1695559,df04e3b011ad3fe3119a397d1f508cbfcbe23b0537bedaadfc4f75c32dd8dcbf
260820,260820/PZTO/PZTO_LDART_0086.ibw,LDART,86,1695562,006b7ce7a3c8e69356b7e418af2e95fc60277c30476a45fd5c20bb0859c77604
260820,260820/PZTO/PZTO_LDART_0087.ibw,LDART,87,1695560,8745983c94d7d95589d67819af85a50dd80e809ac00dbbdc64a1a0b70a319d2a
260820,260820/PZTO/PZTO_LDART_0088.ibw,LDART,88,1695559,30c5f6b42aff1bcaa10a7d4a4a50673aaa4c65f9b80a8abbfffe4cdb319fd41e
260820,260820/PZTO/PZTO_LDART_0089.ibw,LDART,89,1695565,42260abb83b95c4f5d7e30ed7dfc140c29d5d43dd88c25fcd5f2bbfeb17ed5c6
260820,260820/PZTO/PZTO_LDART_0090.ibw,LDART,90,1695577,74eb439286aec7dbcef1dd2d35fc2370371fb294599d94a1b8c4edbe80349f27
260820,260820/PZTO/PZTO_LDART_0091.ibw,LDART,91,1695580,15416fdd03e0bb435e52431624db94398cc5404e04aab6a5ec6032e3de81bd60
260820,260820/PZTO/PZTO_LDART_0092.ibw,LDART,92,1695563,c69c1797406de050307c0bbe4a19f2321b047d33aa229ed4bcd553fcfb3d985c
260820,260820/PZTO/PZTO_LDART_0093.ibw,LDART,93,1695560,59f9f5b36b56771843f8342b42af33f9c7dd3ea59fbf0ad695acd36aa74b7f4a
260820,260820/PZTO/PZTO_LDART_0094.ibw,LDART,94,1695549,d48c8626beee01dad0c73b74f840701f0a34ec13ce4b73ec9a306e38856a3716
260820,260820/PZTO/PZTO_LDART_0095.ibw,LDART,95,1695570,a07dc6e555c56c346f7f2dc8a14861e5109faa11e5401fd149ded91cdd599ca3
260820,260820/PZTO/PZTO_LDART_0096.ibw,LDART,96,1695554,29931508b4c3a7df3c6e21c628468c8c6a88d77aa0d31a79a479af8ac53b024c
260820,260820/PZTO/PZTO_LDART_0097.ibw,LDART,97,1695572,099f45ab8772751bd02265ff9c549cd4b48cc84a96a8f785b68795f0b1e46164
260820,260820/PZTO/PZTO_LDART_0098.ibw,LDART,98,1695580,ecdb2f8c2661473022c52cfe889640f8c492bd649a016051c107ff5703612f7d
260820,260820/PZTO/PZTO_LDART_0099.ibw,LDART,99,1695561,64d46b858b3d4bcce09440238a9de819d6071ecb47704c968c5b513167a00ecc
260820,260820/PZTO/PZTO_LDART_0100.ibw,LDART,100,1695587,a30a75f7de491a8ea06ed2cb7a5ad54b19fe371615999518a315889b3eff2ce9
260820,260820/PZTO/PZTO_LDART_0101.ibw,LDART,101,1695592,926797b81f27e50f5d580a5954bfbb8ba64f779f8f16428944899af9fb9d3216
260820,260820/PZTO/PZTO_LDART_0102.ibw,LDART,102,1695592,7f89d25365e39e1f20d8f806f37190dc8f7077fb1d66c43aa9380c95a861f2bb
260820,260820/PZTO/PZTO_LDART_0103.ibw,LDART,103,1695578,ce4e6aabb035ab213127d72b3e49a07ccbf24e76abc64b6d39afe87f4af3cbde
260820,260820/PZTO/PZTO_LDART_0104.ibw,LDART,104,1695573,9d5a13c08ebab491ceee4e8c15b7da47f204f0512d5b73de13ccb392884ff00c
260820,260820/PZTO/PZTO_LDART_0105.ibw,LDART,105,1695561,70068244c3bac1450d92668216a0dd122da6f4412f2b09ce5b0c766ad866a1ab
260820,260820/PZTO/PZTO_LDART_0106.ibw,LDART,106,1695566,35da8ddfc13e234fddf6fcdced84b2f47ca015cdfee9370c76ba9ecf558bc328
260820,260820/PZTO/PZTO_LDART_0107.ibw,LDART,107,1695550,d437210827e0e830adb00edfb5965e4fe2e4bca50b87291685af5434b67b48a9
260820,260820/PZTO/PZTO_LDART_0108.ibw,LDART,108,1695573,e26a427cb6fcef45e93de571a48c559e22bd2a2abdda6eee0b4258fff41b85ee
260820,260820/PZTO/PZTO_LDART_0109.ibw,LDART,109,1695589,9041dad1ad5dd89f91f22a8683e51bb8b6eabb8947c9cdb7b24df1822bc4cc28
260820,260820/PZTO/PZTO_LDART_0110.ibw,LDART,110,1695592,e6f46549b09748a447fbea4716d2433edc0ff63396d9665e98d7da673ecfd98b
260820,260820/PZTO/PZTO_LDART_0111.ibw,LDART,111,1695589,e324dbfb24405323fbd98d51530a25d6870dbd4a26fa4b8b32fc53f3e1ffb12f
260820,260820/PZTO/PZTO_LDART_0112.ibw,LDART,112,1695589,a65843581ff95e3803ba9f0b8fb756e41f48d3de453986b45d8cc749d4a4b544
260820,260820/PZTO/PZTO_LDART_0113.ibw,LDART,113,1695591,b9621d67442742023e534705e77475151b3f34800f2fea0fb888ba5af70741d1
260820,260820/PZTO/PZTO_LDART_0114.ibw,LDART,114,1695577,5f24e4af5ea7aade18fa056258ed23c46a770e0f7a6ad49044fcd3c2a4f37da6
260820,260820/PZTO/PZTO_LDART_0115.ibw,LDART,115,1695588,c9ca1bd81cfc9d1af3d15b45cb81d7070328c8573868d1485ff1d7d9f4c243e8
260820,260820/PZTO/PZTO_LDART_0116.ibw,LDART,116,1695593,fdcb8ef69f3a3f48b8aeb3ebd844f741f020bc5e4ccc41aa117ea1457f687d2f
260820,260820/PZTO/PZTO_LDART_0117.ibw,LDART,117,1695570,e07a47ae578c26178fe913bd90e93602fb9cfe840433538acc630d1d790b0067
260820,260820/PZTO/PZTO_LDART_0118.ibw,LDART,118,1695572,4bab3d9ab8d29d8bd5354e87ed56e06711e4f2be54210f4b83b914225fbb3fd7
260820,260820/PZTO/PZTO_LDART_0119.ibw,LDART,119,1695584,53f126b064b9f2e873d318ec5123686e6020905aaf596c474fb82745d4aeda59
260820,260820/PZTO/PZTO_LDART_0120.ibw,LDART,120,1695582,6f4831c83a0f51e8ce7ec21f3b0090169a40b72fe1385aa76b4a28e975a68eb8
260820,260820/PZTO/PZTO_LDART_0121.ibw,LDART,121,1695580,9a85103a57af69af6f98b3c7e9f3c66c73a1716ed1f4250b94bdc1f4932719d3
260820,260820/PZTO/PZTO_LDART_0122.ibw,LDART,122,1695586,b92b33446c628a3d4c2fee61c2ae1ee1bf45ebed9997eeacf5f098c033f38d59
260820,260820/PZTO/PZTO_LDART_0123.ibw,LDART,123,1695590,ed366e652689a4ce3318bda9feed3aba2c37928550699c55a8baa33ce3ad429c
260820,260820/PZTO/PZTO_LDART_0124.ibw,LDART,124,1695589,19a2669bc2ae3c7dcc27a969793ca7b7c56fe9e46a976ebcf68283c32b60fa7a
260820,260820/PZTO/PZTO_LDART_0125.ibw,LDART,125,1695601,9399beed0434b68430096479a2932bb5f002698836e26213dabcdb9cdac875e2
260820,260820/PZTO/PZTO_LDART_0126.ibw,LDART,126,1695589,baf9789bb46b8aab2218c29ea8e9bcf09026c5a7405daf5f6a1f363b86406cd5
260820,260820/PZTO/PZTO_LDART_0127.ibw,LDART,127,1695587,288475d83d3e51cb1884c32f0e17e80c2a4ebb30ee5fb4adf5fb92df1bc4c8f4
260820,260820/PZTO/PZTO_LDART_0128.ibw,LDART,128,1695591,0176d61c1f1396c1fd3aab52802aaaf1d9dea0d025304c229edd4622c0d9d7c6
260820,260820/PZTO/PZTO_LDART_0129.ibw,LDART,129,1695586,04d3e9aff68255f7baefc7c4fa82dede355e929a3f0df24d64ee7c26dacc9e79
260820,260820/PZTO/PZTO_LDART_0130.ibw,LDART,130,1695598,8a16300c7e0e055b5dbb5106908ab47f1f0be55a71d05f213c446b28ee13ee80
260820,260820/PZTO/PZTO_LDART_0131.ibw,LDART,131,1695588,4cc8d8bd51856aa720a2678f2d53a9c59aab3bbacfad9df570dcbca9fdc0439f
260820,260820/PZTO/PZTO_LDART_0132.ibw,LDART,132,1695604,7cb9d87ab36c900c81e691b0fcfe28693280737004ed1b8ddc4582bd6182744a
260820,260820/PZTO/PZTO_LDART_0133.ibw,LDART,133,1695599,0ef0c4101763fea5e3d19731977e9b8b4b2407a3e9353e8d67ae340e400bb74d
260820,260820/PZTO/PZTO_LDART_0134.ibw,LDART,134,1695590,38a62f2655bb4e6e34999cc4b8c7933e44ffcb5e5181037b714685a3adb78db7
260820,260820/PZTO/PZTO_LDART_0135.ibw,LDART,135,1695592,f04342a79b8364c64f45eda11e6956559645bdf7893bc43845557f4e3cf99f9a
260820,260820/PZTO/PZTO_LDART_0136.ibw,LDART,136,1695592,9d0850bb481f41c23ae0e26699ce1b26d712d127c3ed357b2ea1a2b387736711
260820,260820/PZTO/PZTO_LDART_0137.ibw,LDART,137,1695578,455e092bece9b9a3ca112c4ad303d893084fa682f48e2df870c856f8ef768f78
260820,260820/PZTO/PZTO_LDART_0138.ibw,LDART,138,1695593,fb74ac1aeb94ee8b1a44682a9140abeb6e4f5e87b864d1f920ea31ea58090104
260820,260820/PZTO/PZTO_LDART_0139.ibw,LDART,139,1695581,ffc015e736020ca32ba6eb5c0fdba0aa524ffc62960d1add1aa8593467400140
260820,260820/PZTO/PZTO_LDART_0140.ibw,LDART,140,1695581,a00adc24dfd9358d889a1fdcc8f1b8df25152b5e384d1c856926535d8f872af4
260820,260820/PZTO/PZTO_LDART_0141.ibw,LDART,141,1695593,2442f72bfd593a3203bcb2e3ab935616b81bd9cd5431ee66a1321299ca5919e0
260820,260820/PZTO/PZTO_VDART_0000.ibw,VDART,0,1695739,f570ec4f64125949c126a055bfcf81e1e95710fad73e9a43d308b1df976bbbc3
260820,260820/PZTO/PZTO_VDART_0001.ibw,VDART,1,1695729,427d0994bdbbe3b78c1ee06637a90d19f75bd4191baa4cd2bbab2b6c91ba3de0
260820,260820/PZTO/PZTO_VDART_0002.ibw,VDART,2,1695752,a6afa6013596f3816f8baf202c7a2b76094450eed1bc243449c6a671c421339c
260820,260820/PZTO/PZTO_VDART_0003.ibw,VDART,3,1695726,999b4142aeb22d5fc1ede7d0cca434bfe0af2300f07cf4d7d48a4117385a447a
260820,260820/PZTO/PZTO_VDART_0004.ibw,VDART,4,1695797,e1882a5672abd9c16cddd38e4d80f615802fbab7184ba24b027145bd5b099987
260820,260820/PZTO/PZTO_VDART_0005.ibw,VDART,5,1695799,b687c6fc2a13d614a8bf4161ac04e97dae683a47cc70773c3c864661aac962b3
260820,260820/PZTO/PZTO_VDART_0006.ibw,VDART,6,1695802,46a52244c16a8f3b4d24d3d9527d877605f6874d1de1334ec00479765c322b8d
260820,260820/PZTO/PZTO_VDART_0007.ibw,VDART,7,512184,54038f8eea866c31ebb15a1da959184765fa32e29023aa35f3cf6cad6b980dbd
260820,260820/PZTO/PZTO_VDART_0008.ibw,VDART,8,512179,ffd92494126773af067addfd0f2feaf097592a5ce86349f7f24714e9e3629b0d
260820,260820/PZTO/PZTO_VDART_0009.ibw,VDART,9,512205,f40ad2eaaa2340532d0faf2f588b5a6395e9a79a1dda15bd20d43a00166a131d
260820,260820/PZTO/PZTO_VDART_0010.ibw,VDART,10,512204,c5f45113add08a72e02ef04579b1039d92482062983566d0604a274645171319
260820,260820/PZTO/PZTO_VDART_0011.ibw,VDART,11,512222,bd0cdcc8758d34281ad887b015618b269b0253698da97e8a0a6e26de2659f443
260820,260820/PZTO/PZTO_VDART_0012.ibw,VDART,12,512224,4b93dbd1641bf500b96d953f170bd545142a52fbebfb254175ccd792e53baf21
260827,260827/PZTO/PZTO_LDART_0000.ibw,LDART,0,1696008,19ebdaff5b93a56c4660e867df9425d6fa457e8500fb4aa0846582efb9c182a6
260827,260827/PZTO/PZTO_LDART_0001.ibw,LDART,1,1696037,b5631af9e0470919b3fd08de51b4e83273a0c3aa79276a87b3e27e85fff5d6bd
260827,260827/PZTO/PZTO_LDART_0002.ibw,LDART,2,1696022,4a6989f03813fc4b25ac2775514c2be23739fe2ff46a4e3e3f1ace849a005783
260827,260827/PZTO/PZTO_LDART_0003.ibw,LDART,3,1696048,c17d1f0bc9bdad2f6098287805eec0ee65297737b71b96bae3978595293a2d5b
260827,260827/PZTO/PZTO_LDART_0004.ibw,LDART,4,1696054,df8638a7468f2beb0db5c7af3f9bdba3eac144e6e7e2eb53cf5b17cbc244e61f
260827,260827/PZTO/PZTO_LDART_0005.ibw,LDART,5,1696033,42ab5c733a89bcd1b6d6c8e38d6a81345ee4fd135ed0eb3618a910549c96752e
260827,260827/PZTO/PZTO_LDART_0006.ibw,LDART,6,1696041,f8e501d33bf0849222297d8b00cb38b3b476529b30a8f601d12d14c0a5a1f9dc
260827,260827/PZTO/PZTO_LDART_0007.ibw,LDART,7,1696049,437c02fe30d24332a096e934c8e72a2965646a10fead1c34f5b330bb9c1210cc
260827,260827/PZTO/PZTO_LDART_0008.ibw,LDART,8,1695975,fefb735f8135550219a2657d2c934c6cfe9cac714d7742761b507baa62727ce0
260827,260827/PZTO/PZTO_LDART_0009.ibw,LDART,9,1695809,ee38438d83d5fca792d850636cac7785616f8d4628cb9112c63c1ccd988369ae
260827,260827/PZTO/PZTO_LDART_0010.ibw,LDART,10,1695783,aaecf734abbdfffd3902b865545795f3755c7516489dde2ada0aef46c234d1ac
260827,260827/PZTO/PZTO_LDART_0011.ibw,LDART,11,1695786,47679e88b724600ff49ae79c17bc87ff6014b13945e82c963f5156ff6093b8b3
260827,260827/PZTO/PZTO_LDART_0012.ibw,LDART,12,1695793,39480426504521132b4d170baa402973e139f3d63089001636c974cd91283dd4
260827,260827/PZTO/PZTO_LDART_0013.ibw,LDART,13,1695765,2800ace6c56ae659243418a29056c039c69fb13ae3f27d933d24580680f5e0f5
260827,260827/PZTO/PZTO_LDART_0014.ibw,LDART,14,1695791,1b59699021a4918efa31f8b3f1542e2db27900edb7dc1ac5715f7995c07325b3
260827,260827/PZTO/PZTO_LDART_0015.ibw,LDART,15,1695793,4267f9808dd200db2dfb1469ace2574f25d4c4eecdde7fc7247cac8bd16745db
260827,260827/PZTO/PZTO_LDART_0016.ibw,LDART,16,1695793,f1da5c22df4be9cd5dda56b5e49af54868a5a71c3af586db5e532fc7c9db510d
260827,260827/PZTO/PZTO_LDART_0017.ibw,LDART,17,1695777,012ae20e2c92085a9ed740467e9259e87532bbae1801b48cbe64c3d6ae15311b
260827,260827/PZTO/PZTO_LDART_0018.ibw,LDART,18,1695783,cbfc330f2a5336fac80395b28a0fb5acc08e2586d6334a85bf864c2fb53f9c7d
260827,260827/PZTO/PZTO_LDART_0019.ibw,LDART,19,1695768,117fbc26cc16338d195db5bec9c6196a0d7c80c1b4d832e6b99a16c9255ecf7a
260827,260827/PZTO/PZTO_LDART_0020.ibw,LDART,20,1695762,0c1ae3eb6c5188b72e2ed1a333d732ea598fcd1b6b072eca20e8243de03c00d2
260827,260827/PZTO/PZTO_LDART_0021.ibw,LDART,21,1695774,91ed59ed2d8fa2ad19e2c1d8ef6f3bc5cd166cb79d66501e553fcf0e2c854217
260827,260827/PZTO/PZTO_LDART_0022.ibw,LDART,22,1695790,6ac139e41453c0b102dafb5760a787e2fcdc70933319254eb9c4412e506ffccb
260827,260827/PZTO/PZTO_LDART_0023.ibw,LDART,23,1695775,c519711a52436be5eb6823ce1e553f8082b3b024e0f4c74248407d7a0426a132
260827,260827/PZTO/PZTO_LDART_0024.ibw,LDART,24,1695775,0e32987ec1dd433e53d895e12eca3d6bb239eca72cf836a13fd553fe7018b82c
260827,260827/PZTO/PZTO_LDART_0025.ibw,LDART,25,1695768,a7d2917b6db8c8bdbced05453c12bce5115f7cde8cb4119ea9e83f5701fa1fe1
260827,260827/PZTO/PZTO_LDART_0026.ibw,LDART,26,1695773,2969138eebf050427be1d13dc0bd0ee2b07a3e0bdd9f9a17068561659de82c2c
260827,260827/PZTO/PZTO_LDART_0027.ibw,LDART,27,1695771,fad72ce54c73be06fc220f19d971a76724bd9bf9421881bd38e5ff46562b708e
260827,260827/PZTO/PZTO_LDART_0028.ibw,LDART,28,1695765,335f905430be50e190777f650123826d5e57480378f2b1e78f0ddf86334b0ba2
260827,260827/PZTO/PZTO_LDART_0029.ibw,LDART,29,1695808,63c78862f096aff3ea47c5205caec2ff5f953553d49167514e3c8bb64599e349
260827,260827/PZTO/PZTO_LDART_0030.ibw,LDART,30,1695783,0c09855e673c4f4e92fab4e8c98ec0bc47da33d372d2e46298f5245f90d849a1
260827,260827/PZTO/PZTO_LDART_0031.ibw,LDART,31,1695783,0e4a42f6943b1173e3ee09ba7da66ba8e0af5320976c0583b8c6f105cc0fb4eb
260827,260827/PZTO/PZTO_LDART_0032.ibw,LDART,32,1696057,fe18e9c2496be18a6b8a01d48eb21dc2fdca20fe6a854e4968b2301a0ac04a72
260827,260827/PZTO/PZTO_LDART_0033.ibw,LDART,33,1696023,0bd7552520f9cda05dd48d17231f37bbbd8f57a6876e5dd61c267fec1bd205f6
260827,260827/PZTO/PZTO_LDART_0034.ibw,LDART,34,1696075,8f13b911c03c6a4e6370db1553ee072276ef0dd26280d423c4d02fd2192c7ce3
260827,260827/PZTO/PZTO_LDART_0035.ibw,LDART,35,1696096,034e57a7ab561904aa7e08c06faffbb57945583639dd092d1e518ec2138a9aab
260827,260827/PZTO/PZTO_LDART_0036.ibw,LDART,36,1696065,913da8a4ac6435cba3f9dbc3886c9ce24985503a719fc000d3bd8a74b8a64643
260827,260827/PZTO/PZTO_LDART_0037.ibw,LDART,37,1696002,d64cbd685e8d7eca6f22caa945e2f6e787a1f17de781f9054d06dd0842dad101
260827,260827/PZTO/PZTO_LDART_0038.ibw,LDART,38,1696015,39b1df095b8a7fb4ba69107c60e18e7cb8d191ddab8d6c4c731ecfa8cf9fb5d6
260827,260827/PZTO/PZTO_LDART_0039.ibw,LDART,39,1696014,3b3fa369fed31fac923159561f58431ceffc33045084c33855ea6989a0d40544
260827,260827/PZTO/PZTO_LDART_0040.ibw,LDART,40,1696046,af135d5214315c0e8a8a465a4d1e2f7d8e61b88b753156fba7223389dcabe6fa
260827,260827/PZTO/PZTO_LDART_0041.ibw,LDART,41,1696042,690e8575b6e56d5f94ec43e56843c21e15017183312ae6da1919134199ad8462
260827,260827/PZTO/PZTO_LDART_0042.ibw,LDART,42,1696091,ce9fc2e39c3acd03166dde7bb2fe45a1c9fc4520f9fa2fbee7a7b23250988ca9
260827,260827/PZTO/PZTO_LDART_0043.ibw,LDART,43,1696085,ad44199a5e58f5399c8c4d855690c01dfb8ade403fb91e0ace0cda97fb6fa55b
260827,260827/PZTO/PZTO_LDART_0044.ibw,LDART,44,1696046,12e5a87e8c08406825a7bfebd56e44448f58f682866f4306ff011910d8fa359f
260827,260827/PZTO/PZTO_LDART_0045.ibw,LDART,45,1696043,2758edd6197d90ab2d34a7a967d337da3eaea2d2bef8a886adb4928a54e11704
260827,260827/PZTO/PZTO_LDART_0046.ibw,LDART,46,1696019,4dca199a9e7d58345efe0246d95bcebb9194380797be4e7acb8785a7344b81c1
260827,260827/PZTO/PZTO_LDART_0047.ibw,LDART,47,1696050,71c2c5ba520be1b6629afc6a8c261271fa714a13376a33b0d85fc6d5fa0b4150
260827,260827/PZTO/PZTO_LDART_0048.ibw,LDART,48,1696022,395604da2be68d7460226a09c61ff63ebfc76f2b6899d4ccc7e89799c011df7a
260827,260827/PZTO/PZTO_LDART_0049.ibw,LDART,49,1696063,e79f1ea7e71c9638be61d69d03612e8caedacbbceafbf4d5b540a285b951b80f
260827,260827/PZTO/PZTO_LDART_0050.ibw,LDART,50,1696043,6c202597406ad01c4543f6665f325723d4cec73391af6738856201f20ad5e9eb
260827,260827/PZTO/PZTO_LDART_0051.ibw,LDART,51,1696099,9abf8f621952df6895e6daab05bb4c88ad09bf06e1669c7bd94220415db31aaf
260827,260827/PZTO/PZTO_LDART_0052.ibw,LDART,52,1696077,5a2556b2150e3953a73dd2a6025b36e4dd819a6162d7ebd936111885b425c372
260827,260827/PZTO/PZTO_LDART_0053.ibw,LDART,53,1696061,a653c37d24f6aa486ee30b9827d1c294342d6fa8a77e24e1e05ed58c0c00c6fc
260827,260827/PZTO/PZTO_LDART_0054.ibw,LDART,54,1696115,50900a97514aae0858bdb1293b8c0895cbefb20afff03b525459f220ef177c45
260827,260827/PZTO/PZTO_LDART_0055.ibw,LDART,55,1696096,57ec8e026e68679149b93007a1a60f50e13ed8f361f8612affa35c44d55bfd82
260827,260827/PZTO/PZTO_LDART_0056.ibw,LDART,56,1696117,89f695c1aea141fb73fd7fa3bb251e2239fdc2129ad2228d1c1581fa1058ba41
260827,260827/PZTO/PZTO_LDART_0057.ibw,LDART,57,1696072,1d4c8a5cca1ae5d5b259de810745c2cba61ffd457ff2bddebc6df53d208e01e5
260827,260827/PZTO/PZTO_LDART_0058.ibw,LDART,58,1696068,c6c5f6bd78b73614243a2a781d38171018dc304b72ef7efaa590178c544d38dd
260827,260827/PZTO/PZTO_LDART_0059.ibw,LDART,59,1696183,004341a6f98b7c23afe9024cc54a0e95e843678351aeb088a2bf8e5071e93f58
260827,260827/PZTO/PZTO_LDART_0060.ibw,LDART,60,1696154,34c1735f0653f630d6cba2f9afbe34f637273b41c7aa642f15647110f0f63f25
260827,260827/PZTO/PZTO_LDART_0061.ibw,LDART,61,1696139,58ae025919e9747aacb48152bb148a222f569fca73f4f17b1639ce8dd8e99c0f
260827,260827/PZTO/PZTO_LDART_0062.ibw,LDART,62,1696118,a55fb72557c7d1f56d4f02eb45281ecf3e3c922a787739ebcae8b2d457bd3f30
260827,260827/PZTO/PZTO_LDART_0063.ibw,LDART,63,1696088,3869bbed4e2a119e9da547f26930c0029eee109de6537d1e4151b110b416a629
260827,260827/PZTO/PZTO_LDART_0064.ibw,LDART,64,1696189,3f3cbb91299f58996a33206800d57d537a535c9cc53a6b2e644a0c793b91fb39
260827,260827/PZTO/PZTO_LDART_0065.ibw,LDART,65,1696164,0ad32782e7127796d6b836160c1ffe8d446e1cd1aaf394e5672c5cef058189a2
260827,260827/PZTO/PZTO_LDART_0066.ibw,LDART,66,1696052,844932aa56b2f080d516c6530ef7cab0b703af5fdfab4c4526bc6404f1e0ecd7
260827,260827/PZTO/PZTO_LDART_0067.ibw,LDART,67,1696112,0398d47d5082f1597c994ef7dea3c19204f5b2e223081976bf050e00b4d837f4
260827,260827/PZTO/PZTO_LDART_0068.ibw,LDART,68,1696207,e6620f195a249b2b335ffbb73620a2e2636f0bcd774b88e502e7936ac47f0d95
260827,260827/PZTO/PZTO_LDART_0069.ibw,LDART,69,1696110,65b8be50b09b2153f8727b86abfea758aee71f5963d0c76e4b10eb270dba8118
260827,260827/PZTO/PZTO_LDART_0070.ibw,LDART,70,1696209,29e6a44c7b2151697a0f66b67290946f55ad55729d3dbfd198c6a9508c3c99bf
260827,260827/PZTO/PZTO_LDART_0071.ibw,LDART,71,1696189,e95ced1a19ae948eee855b065fba868245e647ea9c00f5fea82935c8ba86f646
260827,260827/PZTO/PZTO_LDART_0072.ibw,LDART,72,1696111,b069bf174f6d9dba60cdacd63e904d2d20565ce5eb0d920c3760c55fc4fa030d
260827,260827/PZTO/PZTO_LDART_0073.ibw,LDART,73,1696088,5c4103ada98b9291b1ab0c95aa3f324220913118fbf66664c8d5708f88c58212
260827,260827/PZTO/PZTO_LDART_0074.ibw,LDART,74,1696044,3ef6f2aa5a6ad28994e27bacc132a3aef526fef28f7985ef1bfc7f8b3fabc079
260827,260827/PZTO/PZTO_LDART_0075.ibw,LDART,75,1696203,5dc5185143a1603aab618f25739f161ceb8f482d9344196eb9ad8d713b443cde
260827,260827/PZTO/PZTO_LDART_0076.ibw,LDART,76,1696067,fd8a99f921fa9ca96b6958421d428198845ecc7859689630ae9a24175c8dbc68
260827,260827/PZTO/PZTO_LDART_0077.ibw,LDART,77,1696028,77cc5234ef3497386b98b0555bd2715b13834029a12b33eecfb67c6b833a7adc
260827,260827/PZTO/PZTO_LDART_0078.ibw,LDART,78,1696051,26b0cade6e803837ef2c5a7dcbac2bab287ca3057943e3a7626389cea280f6ac
260827,260827/PZTO/PZTO_LDART_0079.ibw,LDART,79,1696151,e97f41ccc042834a020e0bf669630ee60eab21a8b5ad53a0ffe80ad6e4c7d661
260827,260827/PZTO/PZTO_LDART_0080.ibw,LDART,80,1696247,9eaae4919f434d317c762d7aa8c21e80dfe1c97cee652908031d2cbd113ff3ed
260827,260827/PZTO/PZTO_LDART_0081.ibw,LDART,81,1696139,837fbd01e01236f115f5d85df87c938add088c931178ac64201a9e3f72fdd5b0
260827,260827/PZTO/PZTO_LDART_0082.ibw,LDART,82,1696198,81734a46658814406ce3d739aff440db6276489678ddaafd0cd90c985b78447e
260827,260827/PZTO/PZTO_LDART_0083.ibw,LDART,83,1696053,72d06a6330967a8050bdc618fea49b87f1e65c5e63b10bfe53db573bcb39170b
260827,260827/PZTO/PZTO_LDART_0084.ibw,LDART,84,1696184,bc48db0ee9f93f270700823ffb9d9ddf71f11d52ae2e2659be88cc98a6c7dd8e
260827,260827/PZTO/PZTO_LDART_0085.ibw,LDART,85,1696090,c03b1ebf779d9f15c66de150348202988991ece0617b7c82e9561c2878bdcc6d
260827,260827/PZTO/PZTO_LDART_0086.ibw,LDART,86,1696041,693e468414682bb8d280ed3b7c76984641cb7ad89631a518eeb910e90975e084
260827,260827/PZTO/PZTO_LDART_0087.ibw,LDART,87,1696149,f1f1c38539023ce2d8ba3bfb67cc43d52c342ccc7c2459637dcdf38e954311d6
260827,260827/PZTO/PZTO_LDART_0088.ibw,LDART,88,1696202,00708a2c332454b60a9377f982224528cd7f49d8fb638f6028af3469bec87d55
260827,260827/PZTO/PZTO_LDART_0089.ibw,LDART,89,1696037,a3b04aed847724f54d0ea86d468e358ae582a7efb15f6989a5e20be99f66acc6
260827,260827/PZTO/PZTO_LDART_0090.ibw,LDART,90,1696148,c440459cc76bbc88d1bfa3b936049b5ab3acc1a050559d2a295fcfd7bf92063d
260827,260827/PZTO/PZTO_LDART_0091.ibw,LDART,91,1696225,ec20271659f03598547b9db3f1505c86859a5d1af4fe182fabb2b3d18f6a8a23
260827,260827/PZTO/PZTO_LDART_0092.ibw,LDART,92,1696101,45ae6907b83c1b8cb122beccd139f10cccdd3b1453f0847b6e3f5fe7aed9c829
260827,260827/PZTO/PZTO_LDART_0093.ibw,LDART,93,1696159,413476d5b6f12ae38ebf4901145b7f7ff4913f7e113010bc5a23606abe12b15c
260827,260827/PZTO/PZTO_LDART_0094.ibw,LDART,94,1696215,20f7ed04a8e52fb90a7d37a5792d580f329bbfa094a894daff6e978428320f6c
260827,260827/PZTO/PZTO_LDART_0095.ibw,LDART,95,1696098,e7e4ce16324f3eb8f0f3e12e34c929a1f05deb24a1629a5ea9e46f6180376829
260827,260827/PZTO/PZTO_LDART_0096.ibw,LDART,96,1696058,4184bd6233b09c4caadaf2dad1026e9c7940c765465ccd9d646395ec194d1e16
260827,260827/PZTO/PZTO_LDART_0097.ibw,LDART,97,1696068,eff507cd9b0d510d6fa0ab352849156e4cd4ca76df0be5c40fd019a4aa433a59
260827,260827/PZTO/PZTO_LDART_0098.ibw,LDART,98,1696203,131d2a219ec0379db43549c8f4d0d7f8e5e9d8466711260b402445a106371d94
260827,260827/PZTO/PZTO_LDART_0099.ibw,LDART,99,1696052,1b35cc36e277b3ee7fd4e57d396228a1a23ff9c5f571f025755ed0d74906b56b
260827,260827/PZTO/PZTO_LDART_0100.ibw,LDART,100,1696050,00713cc38d3759f055b53d94e40345c6b42b2bbf6f0879a1eb01511e38431cab
260827,260827/PZTO/PZTO_LDART_0101.ibw,LDART,101,1696051,9653f4629511e94c1d539de9a78010354c59d1bdffb9cbfe1852693a0de6640e
260827,260827/PZTO/PZTO_LDART_0102.ibw,LDART,102,1696188,efe217f65b3d629f4b4d1d81181012f2674b37a0e10533029c98ff310e633440
260827,260827/PZTO/PZTO_LDART_0103.ibw,LDART,103,1696261,1d1e3dc7757dc17af0c3a75658e43b59fa78d2762852577aa98504f673de1ef8
260827,260827/PZTO/PZTO_LDART_0104.ibw,LDART,104,1696152,c1688c8a91fc942951f5863c7842ae7988adf8aafdc333b0dd87cee5c4c50efa
260827,260827/PZTO/PZTO_LDART_0105.ibw,LDART,105,1696196,48474b1f0494cd6d4cde5a97adc2feef222bfdb05a07403964fdac3ddbb076bd
260827,260827/PZTO/PZTO_LDART_0106.ibw,LDART,106,1696045,89202c2079068e9dd1665d0ef435c926374a80f22e556eab4e11125719948d56
260827,260827/PZTO/PZTO_LDART_0107.ibw,LDART,107,1696187,92e7bb0ae5fcff26ca00a8a5ebf0f9a413575f69502834adef1396d6cc035ccb
260827,260827/PZTO/PZTO_LDART_0108.ibw,LDART,108,1696079,545394b1a1ba281e8ff5b8754e6a13c2acf401f070490dd348bde6616ad2e8fb
260827,260827/PZTO/PZTO_LDART_0109.ibw,LDART,109,1695786,a2b4979b0947c459999bb89b89de65003caf10b5961a533b494f7d57d8e515fb
260827,260827/PZTO/PZTO_LDART_0110.ibw,LDART,110,1695790,f3694f7133128790e08fb59d7d1e1feac63d34615b3de1f0e247fd2e9935d64a
260827,260827/PZTO/PZTO_LDART_0111.ibw,LDART,111,1695778,e1261058e0ef1028500348065b76ba4c3c169e56225760a38b1ada92132038f9
260827,260827/PZTO/PZTO_LDART_0112.ibw,LDART,112,1696254,c36039044aeb485234ee10fc8d9b87e5694be48f40a47d230a0ed73369d4729b
260827,260827/PZTO/PZTO_LDART_0113.ibw,LDART,113,1695785,726e52ce43851a7e26920c12ce553540b1c38836f75bd01f5abf274f0265d137
260827,260827/PZTO/PZTO_LDART_0114.ibw,LDART,114,1695781,9cca022fec48070ac20986d5c59ad4cccc3d5b463922e923b035e15cf99b5a01
260827,260827/PZTO/PZTO_LDART_0115.ibw,LDART,115,1695794,362001a6a719a2c9002086b800134018582cfee5021c04a0527a5a5f108c8e64
260827,260827/PZTO/PZTO_LDART_0116.ibw,LDART,116,1695793,32fd8bd81068ab5fc6287f3663e932b10e10da102ab915ccfb72f8ea057be2b8
260827,260827/PZTO/PZTO_LDART_0117.ibw,LDART,117,1695807,77e6423d0b6228102ec5432083c34e842a820ce50389bfa4cf81c3d566fffd91
260827,260827/PZTO/PZTO_LDART_0118.ibw,LDART,118,1695797,7bcb869085ce100f503728a274f48f6a8cd3befa557d7a11acd470b5cac28aa4
260827,260827/PZTO/PZTO_LDART_0119.ibw,LDART,119,1695804,2e23df21479e2b1e9c138580478faefb10bff2b1fda643efafe0fbe6994cf0a1
260827,260827/PZTO/PZTO_LDART_0120.ibw,LDART,120,1695789,ba9880dbf2b46a7a6117a3509fab6ae258210209653485503cd7d778a4d6bbb1
260827,260827/PZTO/PZTO_LDART_0121.ibw,LDART,121,1695791,e7c0298eee7c7007fce5bb473f93d9c8b84a51e0716c1b8d98500de403374666
260827,260827/PZTO/PZTO_LDART_0122.ibw,LDART,122,1695808,e71ad46cd6771b162e056a146b1727c3f872399594012c6b99f41f2ad7235ecf
260827,260827/PZTO/PZTO_LDART_0123.ibw,LDART,123,1695811,093e9809689500ff3985da39737c21d6f64a24afadee31855b9f952b7a981791
260827,260827/PZTO/PZTO_LDART_0124.ibw,LDART,124,1695813,511538242aa13e804be424f3d883198933d13ddeae2caf9dac96f86506ab76fd
260827,260827/PZTO/PZTO_LDART_0125.ibw,LDART,125,1695820,4ac915c9d999f4c5021b245ed58086638be4ecd10d88797f0c21484b926e9200
260827,260827/PZTO/PZTO_LDART_0126.ibw,LDART,126,1696064,be66157e58ab316a31ed8b5d141a87a6e8bdadf4fa58ceb33eb508479f610566
260827,260827/PZTO/PZTO_LDART_0127.ibw,LDART,127,1696090,e78f31a820a56805aaaa3fe656a27cc37642cc27c94ca5eebdc59bf09b4a37ef
260827,260827/PZTO/PZTO_LDART_0128.ibw,LDART,128,1696122,471a6a81fdd81352862203d24323619dfe7a2e9f72e187f848108dd5bce61670
260827,260827/PZTO/PZTO_LDART_0129.ibw,LDART,129,1696021,ec5c9cb63b0291feb9c284822b45ab4b56764b819a24e905622b3b4c8162ee04
260827,260827/PZTO/PZTO_LDART_0130.ibw,LDART,130,1696018,987c5e46695d740d4bad75cc7e3b47f01a51e384f6168b53b9474ea728ed894e
260827,260827/PZTO/PZTO_LDART_0131.ibw,LDART,131,1696012,cfe31dded4c1ade59a857ba44177eb12bd36902ebe0f1ab52b08bbc1e1700f0b
260827,260827/PZTO/PZTO_LDART_0132.ibw,LDART,132,1696090,2be390a04112346dd7a62ecd4a3ee98ebad6b0db003bfd8d3ab328a92401b98a
260827,260827/PZTO/PZTO_LDART_0133.ibw,LDART,133,1696033,bbcbea4b62b49188b540a3557fcf048a17c9e5d2cff0cf2e561ca6be5c420fef
260827,260827/PZTO/PZTO_LDART_0134.ibw,LDART,134,1696030,32aedd87d512f7b54c41eb9843b28199da495243a80db00b1c6f88ed109bbfe6
260827,260827/PZTO/PZTO_LDART_0135.ibw,LDART,135,1696023,3962666a1041bfa39b642a06424b58e61a7b2fd55b0feb5d8e117188741c3d07
260827,260827/PZTO/PZTO_LDART_0136.ibw,LDART,136,1696039,164cfd4998f9c55b7ee6eae3259ceb746de65d515edae956e3fc439ddc1932c5
260827,260827/PZTO/PZTO_LDART_0137.ibw,LDART,137,1696047,7733936bce6738990a0e53392471e6d585f3dfe50ab5536a938d2086d8aabbf0
260827,260827/PZTO/PZTO_LDART_0138.ibw,LDART,138,1696007,01a0a1940021ca5cffa5d8ccb3ea4e1777ad550960809e25cbbd32a5b2347d98
260827,260827/PZTO/PZTO_LDART_0139.ibw,LDART,139,1696063,b0ede54cb876d383a440b602afe25920fdfa44b236376f3fa970c8079cedfa47
260827,260827/PZTO/PZTO_LDART_0140.ibw,LDART,140,1695966,45e5f878481a32499cc130480c643fec96fde842628c902b1b85a45b2dea7bac
260827,260827/PZTO/PZTO_LDART_0141.ibw,LDART,141,1696041,c368288db0da80c8c1ad3e3509b4b52c8be52398c9b6034ca38ab851aa7f4c40
260827,260827/PZTO/PZTO_LDART_0142.ibw,LDART,142,1696042,3bfd01bc359d58af5c4b8f1e41c2bf23c647ee38bdb36ec3366705b56ba429ed
260827,260827/PZTO/PZTO_LDART_0143.ibw,LDART,143,1696058,855f8da52a16df9c98d7e56debadf943832e6d14e980cda671b410720ebc080d
260827,260827/PZTO/PZTO_LDART_0144.ibw,LDART,144,1696011,655ce92c7564097d4bb255660609d9480c2f648f2f47bd7922b71ec9c372a9d1
260827,260827/PZTO/PZTO_LDART_0145.ibw,LDART,145,1696074,c67fc663677c7f87fe0c829ccbe809f3298bcef1d170e36ccf0d2f24ce18d7b9
260827,260827/PZTO/PZTO_LDART_0146.ibw,LDART,146,1695976,86a0d67ea6fa245c93e69e031d166ca891e372c9912f152d74d2547ab930e856
260827,260827/PZTO/PZTO_LDART_0147.ibw,LDART,147,1696063,d1a842809bd8df9431c24d5cde6a2dfbf377d7756fff31d225da567683412a05
260827,260827/PZTO/PZTO_LDART_0148.ibw,LDART,148,1696067,411cb7a26ac71ee343e136635b6b1044ec37790930a16a3f7d034f53cf7c815d
260827,260827/PZTO/PZTO_LDART_0149.ibw,LDART,149,1696070,12073514db130223341c25b85df3d460bfe582b3c4a593d590325cc515bda98a
260827,260827/PZTO/PZTO_LDART_0150.ibw,LDART,150,1696065,d56520202f4cfef14fda054f08ae34307b4c072d2497a4cc13775ba15e492c45
260827,260827/PZTO/PZTO_LDART_0151.ibw,LDART,151,1696050,5284a25017dd6a6d979f934d5a8d4b2605b8b308d4336a241ee5a3fdb27a5fcd
260827,260827/PZTO/PZTO_LDART_0152.ibw,LDART,152,1696057,b49ab3c55bb50b181532bbfd2db197de0846b1165acc8dba353156af751b2cc6
260827,260827/PZTO/PZTO_LDART_0153.ibw,LDART,153,1696128,d6c6cc491c255e5ca25f0f99045fe25a62faecbbdf5c8c52ad5083396349b420
260827,260827/PZTO/PZTO_LDART_0154.ibw,LDART,154,1696237,412556f079cb11635e7f48a21d4c64ca4ba4e7cae9fabc5feb36b07cfa64e345
260827,260827/PZTO/PZTO_LDART_0155.ibw,LDART,155,1696078,4ab378b2fc14f1f948e123af60e521239129b58dbdf8fa397da6ebc5549361f0
260827,260827/PZTO/PZTO_LDART_0156.ibw,LDART,156,1696263,c141b41843c5ce89ef270cb36978ac3386cf2bdae27032ad82cd4e1449cca202
260827,260827/PZTO/PZTO_LDART_0157.ibw,LDART,157,1696196,fd9f815006b151af405386f402868d8c45951168db29f1ff987e27d923ddb4da
260827,260827/PZTO/PZTO_LDART_0158.ibw,LDART,158,1696230,887178c8fff3b67f2f85453377773278aa462c2e0fa3412d1530f25ea5ad89cd
260827,260827/PZTO/PZTO_LDART_0159.ibw,LDART,159,1696051,89d7dae5d79efa84eef4286ec1bbd27d29911f6cd09b6d9a7adbf940431e9569
260827,260827/PZTO/PZTO_LDART_0160.ibw,LDART,160,1696047,e3208e6764436e44cea567ffc07addea5f7e73fe640afae8d88b2a50ff3fde08
260827,260827/PZTO/PZTO_LDART_0161.ibw,LDART,161,1696041,deb2b51ba876475e69a282c978300f194ff37efaaaab784b16a6aeeac3418b66
260827,260827/PZTO/PZTO_LDART_0162.ibw,LDART,162,1696206,855e150df5d3975cc8806631aa8d6663291ad8a3bb3a486e09911dd3fd89bc68
260827,260827/PZTO/PZTO_LDART_0163.ibw,LDART,163,1696221,22a1c6770de7678927f8c86589962eeec4e26fa80a222c9e3a44e2794d256b3a
260827,260827/PZTO/PZTO_LDART_0164.ibw,LDART,164,1696203,cc10d10b97135f445d95c78d47e9870e0652b3d3f155624c74a325c28e0a4f2b
260827,260827/PZTO/PZTO_LDART_0165.ibw,LDART,165,1696189,1392358cbad3ff61eea5d2e033a1916b7e42a8419f5ad1f159af97d5637687a1
260827,260827/PZTO/PZTO_LDART_0166.ibw,LDART,166,1696229,dc79499f390e81a0a127e2f215455fc0fe8299d2beb8c71c8fd86a4a72225e0f
260827,260827/PZTO/PZTO_LDART_0167.ibw,LDART,167,1696115,4be2cbb97fbf4e5d7908b1465bcedc2a98d5b44662471bef10cc7099536ba3fa
260827,260827/PZTO/PZTO_LDART_0168.ibw,LDART,168,1696227,bccbe1cc790032dd7d596d448d5f003cf71d374306ad8253aa81ce92719ddee4
260827,260827/PZTO/PZTO_LDART_0169.ibw,LDART,169,1696039,44936555ab4710a65441adefd28eaee3dc4f7c7f872b341351193da6f1780faf
260827,260827/PZTO/PZTO_LDART_0170.ibw,LDART,170,1696159,f25805331a732158a1424982742abc05ac309247312f0427d58a406adcc59de4
260827,260827/PZTO/PZTO_LDART_0171.ibw,LDART,171,1696210,d463b1cb3b8df7945611b63a2653aebc51dc0ded6a0ac1548d572a3a62e03369
260827,260827/PZTO/PZTO_LDART_0172.ibw,LDART,172,1696207,f1f059e2085c17ed20baa1389b5d91df96dbaa71706262f7d050ce89868c6bb5
260827,260827/PZTO/PZTO_LDART_0173.ibw,LDART,173,1696213,c34759317ce53dcf11c9e553848c0b6a80c3e52f0750e4b6750b936590d078ef
260827,260827/PZTO/PZTO_LDART_0174.ibw,LDART,174,1696240,9f0a9936536332c6eb89e75abafee5c17f9ab241087b6606597a5cd967795bc9
260827,260827/PZTO/PZTO_LDART_0175.ibw,LDART,175,1696176,92ea2e3bb2b0668fe9f67c9967f47fde9e7ce68442f7ad1d3cb10fdba8621724
260827,260827/PZTO/PZTO_LDART_0176.ibw,LDART,176,1696159,05d4e1b225ca93db477fb27bb1cce0b2819cdc226dbba1ee37f59752e6db40d9
260827,260827/PZTO/PZTO_LDART_0177.ibw,LDART,177,1696176,0745f744c60c469094d90b3071dfa76226dfb7a38c669ff50ec3e67d74651ba7
260827,260827/PZTO/PZTO_LDART_0178.ibw,LDART,178,1696120,98aae41331c39160bb6f961abc8bcc23627c6fec81ca9bae1c6fc1a8be9e0c5b
260827,260827/PZTO/PZTO_LDART_0179.ibw,LDART,179,1696143,d52007701d3ac1979e1e61bcb72db81a10f60d7702a6421167bc247b8125d08f
260827,260827/PZTO/PZTO_LDART_0180.ibw,LDART,180,1696107,eaf3ecde68a6da7d7284694c1de94aab220bb047f608de8bcd5680eeabb49ca5
260827,260827/PZTO/PZTO_LDART_0181.ibw,LDART,181,1696266,2e51f7fa2d210a90e16cbec4764fb8efe0f182fa7b99c65742138091b2050aee
260827,260827/PZTO/PZTO_LDART_0182.ibw,LDART,182,1696050,c21cde8de4e3c573dce12ffcaaf786e1d67c0e978d712190fbb673c0a373b0a5
260827,260827/PZTO/PZTO_LDART_0183.ibw,LDART,183,1696149,753a652f969e182f7bfa6d26500f15329418b81591e85e2340897ae7ea452565
260827,260827/PZTO/PZTO_LDART_0184.ibw,LDART,184,1696085,8bfa5d1c13b545e65a433f390852b83585b49063bfd6869aba4ece31a0d580af
260827,260827/PZTO/PZTO_LDART_0185.ibw,LDART,185,1696192,219674fdaa2d6e5464385bd09298cb590c3256ffdfbfb12cd3b5162d4361014b
260827,260827/PZTO/PZTO_LDART_0186.ibw,LDART,186,1696162,216656b09c60954e8449f2ec477de385293ed6430c45c13fdc8ec9ff37aad416
260827,260827/PZTO/PZTO_LDART_0187.ibw,LDART,187,1696270,e008eebc862b43e7498150baefb3bfa2cc5dde0dcde27114c54bc86709fbf06e
260827,260827/PZTO/PZTO_LDART_0188.ibw,LDART,188,1696254,bec70de968b6fffdc90d83d60a97ec68e33796b87e8b5f926b63e95ea7a91c44
260827,260827/PZTO/PZTO_LDART_0189.ibw,LDART,189,1696030,bfbe9fccb63f0ea2d2bf4cd808676e5d7a01e8dc782dabedaac25a8b0afeff6b
260827,260827/PZTO/PZTO_LDART_0190.ibw,LDART,190,1696029,b445fc6ac9e704a3699f05e8a770544b4ffec6fc213b72f8a6d6a2c80fa130cc
260827,260827/PZTO/PZTO_LDART_0191.ibw,LDART,191,1696053,bc156d8db7b8d4dc3e0381868ecbd772e5543db9f6043374037ee601f54378ce
260827,260827/PZTO/PZTO_LDART_0192.ibw,LDART,192,1696080,13583dceb88480828111d7fe90b0b904b0425b20e14dec38e22162e6bdb5a373
260827,260827/PZTO/PZTO_LDART_0193.ibw,LDART,193,1696121,493144e6d41ffe96aa79e87b43d8e4d8afe1f224ccec3f179effa5041c5031b9
260827,260827/PZTO/PZTO_LDART_0194.ibw,LDART,194,1696117,3a9ccdb01fb2adb4682ccda87146bc2b721587a47cd3c61abf6055604edeb173
260827,260827/PZTO/PZTO_LDART_0195.ibw,LDART,195,1696185,4218cada6d8fc2e488bb7eb144a4ab1fcc4ee277e45c8135dc69594986fa0be4
260827,260827/PZTO/PZTO_LDART_0196.ibw,LDART,196,1696191,046ae666850e6a8831ad8a82ee8a0e63567306a8be7890921aa6d93e636ef69e
260827,260827/PZTO/PZTO_LDART_0197.ibw,LDART,197,1696113,0f38bfd5fb7f916be06a3d7fc7a0a5f07fb0e3db3c69e7545ddc2440cfcece7f
260827,260827/PZTO/PZTO_LDART_0198.ibw,LDART,198,1696094,bd8193a28986f2c670ef0744aced1d6a754fa4bd6f4ef493017397456d75b9e0
260827,260827/PZTO/PZTO_LDART_0199.ibw,LDART,199,1696151,ab5ed11b786125b6d27232b34cbf0fbfd907a71426033c51c22727e06ef2d8f7
260827,260827/PZTO/PZTO_LDART_0200.ibw,LDART,200,1696168,bb12fdb7e1b7395da0410de3351faade4cd7a2999a0db1c0931e5c4238d5ac4c
260827,260827/PZTO/PZTO_LDART_0201.ibw,LDART,201,1696173,4151af192999cd47bec6922e9e3ff00deca0a3710bb6e5bcd5b7f9ce5b32cbcb
260827,260827/PZTO/PZTO_LDART_0202.ibw,LDART,202,1696175,b1d3f790e68259ed8d57452eb9600cabaf74ff5ad8487e9233cd601c451e0146
260827,260827/PZTO/PZTO_LDART_0203.ibw,LDART,203,1696181,419a5d7db93c770851c31654c732c4d456fbee3edc1e00bb340ba43abecdc788
260827,260827/PZTO/PZTO_LDART_0204.ibw,LDART,204,1696148,2c952d19c0e3825b7fcb8bf56e53883e7d8afe6e15d9233f9042bd4473e526b4
260827,260827/PZTO/PZTO_LDART_0205.ibw,LDART,205,1696286,cb87da58d044ccb901bb7f2ae00bba39c66c4617438a786feba96b6cdfcaf789
260827,260827/PZTO/PZTO_LDART_0206.ibw,LDART,206,1696235,af3cb4859d8bcc36ad72291b4cf62b6efaf7e535809775f5022486debcd4de01
260827,260827/PZTO/PZTO_LDART_0207.ibw,LDART,207,1696051,0478a55fa774790e5856fa0e6fdc51493f0902040203a6caffd743d307862873
260827,260827/PZTO/PZTO_LDART_0208.ibw,LDART,208,1696069,774fc4a05524c2dc041f5b694b94658b6721b7149ab6fb3e6113a5b356c8f63c
260827,260827/PZTO/PZTO_LDART_0209.ibw,LDART,209,1696300,87de094715f9af59918d896c586def1d7174a55f588b9611ed522421e30e746d
260827,260827/PZTO/PZTO_LDART_0210.ibw,LDART,210,1696088,1e4eab67f8767d7ec7f4aa80312bfba254c74aa051bbff41efb994a4f96e1462
260827,260827/PZTO/PZTO_LDART_0211.ibw,LDART,211,1696287,e31aecb43f284e3a656c61293acb323407013de4bbc49ec37eeeb86a29063e89
260827,260827/PZTO/PZTO_LDART_0212.ibw,LDART,212,1696150,60e3b7720b68ad6ebe02b96d2890dcb9baf9777c0f850a30cbe806e5b23340e1
260827,260827/PZTO/PZTO_LDART_0213.ibw,LDART,213,1696157,961743e4093ff91aa887d960d23534ebda6b580b977398ed5987033f41cdccc3
260827,260827/PZTO/PZTO_LDART_0214.ibw,LDART,214,1696272,35987802c7f494b494fc9921c5c26dbcdf91917cb23cc2f0c589c1d67656165a
260827,260827/PZTO/PZTO_LDART_0215.ibw,LDART,215,1696268,12b34a5177d4f7af7d43fc857b75e6e321997745d6c1b9e015a401918bae30a2
260827,260827/PZTO/PZTO_LDART_0216.ibw,LDART,216,1696225,561aa0b60d349f92f614544bb44849d58c30bd7fef0fcaa685584ce6b6b80411
260827,260827/PZTO/PZTO_LDART_0217.ibw,LDART,217,1696237,c672d43f54a23022874ab808adcda47477ffdf08519aa34b13f7e90b60c25d11
260827,260827/PZTO/PZTO_LDART_0218.ibw,LDART,218,1696065,6403a2173065db592ae8f802783b6875e81b47974824b80b33b48cb58c79c0bf
260827,260827/PZTO/PZTO_LDART_0219.ibw,LDART,219,1696067,02f4e529ec7d5f40e489485a637dfe3247b71c24be16f6d6160f3316221f018f
260827,260827/PZTO/PZTO_LDART_0220.ibw,LDART,220,1696079,79d8f3606acc4624d8c5aba9077ab7afa792822d5fbccfcf1b3e71250b9de167
260827,260827/PZTO/PZTO_LDART_0221.ibw,LDART,221,1696074,6afcabcc61d1d71d3626922a924f1c177e6ee943a09553e9caf47360bcdd5db9
260827,260827/PZTO/PZTO_LDART_0222.ibw,LDART,222,1696282,9b0f1b25ea154c522ba6a2d52b142f4472745d365ddc86c984e3d8f5e1cce5a5
260827,260827/PZTO/PZTO_LDART_0223.ibw,LDART,223,1696285,0991e6c683b65f385175ee68ba581a1b289865d1a91d953c6c2405c1eedbebed
260827,260827/PZTO/PZTO_LDART_0224.ibw,LDART,224,1696083,0e65c5b17dc7980fa329e783141cc3e6b93b28512f8bdb856310b832dc7eda61
260827,260827/PZTO/PZTO_LDART_0225.ibw,LDART,225,1696071,5d589e8e8f29cd42b956293699317f3845215b3353073655a24797f4a9f1e1b0
260827,260827/PZTO/PZTO_LDART_0226.ibw,LDART,226,1696078,9a81c9093f16e45ecee1f436a71a1b423a9308242bb41ad688a4e0fb3ede3159
260827,260827/PZTO/PZTO_LDART_0227.ibw,LDART,227,1696265,e69ae5c0a013283491de4e5f07f90a1b3865b3af675ac04c4aa68cb111894085
260827,260827/PZTO/PZTO_LDART_0228.ibw,LDART,228,1696273,f604e79b9e4b4e7079f5536dd4119e95c08993e9bfeeca172dd511664dbbac60
260827,260827/PZTO/PZTO_LDART_0229.ibw,LDART,229,1696042,2c4b4eaaac6064382227c6fd385262c35853e382c3c10700c98c1d4a5517adc2
260827,260827/PZTO/PZTO_LDART_0230.ibw,LDART,230,1696136,6a949608b9ef74a23ac84e5a18f5ffac57ec283bce8dadea572cd76b111554a2
260827,260827/PZTO/PZTO_LDART_0231.ibw,LDART,231,1696196,6e8498bbe954e3da2ba3cfb0a778a0a5739b1ca8e3a866f5b58ae727252ff0d0
260827,260827/PZTO/PZTO_LDART_0232.ibw,LDART,232,1696054,3899a45c81fac320624429639ff92d46667cfc3272df3733687083f3afa4cf7f
260827,260827/PZTO/PZTO_LDART_0233.ibw,LDART,233,1696277,54e2d55e867adaa51d36e222bad5957cb2a1a6633dffa67cc8f2a356f54f0c42
260827,260827/PZTO/PZTO_LDART_0234.ibw,LDART,234,1696297,7f0735fe6703fc57b78a6e9fa5956fdd8560eb780065685870fc41c5af1ad9dc
260827,260827/PZTO/PZTO_LDART_0235.ibw,LDART,235,1696280,facf5f26d6abc49717c867888ef12401a6cc1aa7ff9ef456839daef1d65810ac
260827,260827/PZTO/PZTO_LDART_0236.ibw,LDART,236,1696105,1f17e5570e2275af754a4f2978f7156195d54d2e9fa8a330ca0f1aed0015d1ad
260827,260827/PZTO/PZTO_LDART_0237.ibw,LDART,237,1696174,c9fd916954f83db312491b399e8d2b11d308e844d3c7ae42e51cd2ed231e35f6
260827,260827/PZTO/PZTO_LDART_0238.ibw,LDART,238,1696184,638587ddd1f2ec8112e28387e1d8b012252faf210f4c552cf894323699661401
260827,260827/PZTO/PZTO_LDART_0239.ibw,LDART,239,1696265,a0bba10d07425cc43d2fd5629fb217d965ed540b92c7b70a464cd1186aadb614
260827,260827/PZTO/PZTO_LDART_0240.ibw,LDART,240,1696281,186dac11bfb47bc43e24c93925eb0e1516fff760571e9908e3c623c3b4af394a
260827,260827/PZTO/PZTO_LDART_0241.ibw,LDART,241,1696039,786495493542abdf9824f702b91d9572f8ca6156971a7822e8d8211df71d5365
260827,260827/PZTO/PZTO_LDART_0242.ibw,LDART,242,1696050,0cb57d697670b2626e10b457fcfe1ef052497e06964ed2e8cdd20a7ce41b7282
260827,260827/PZTO/PZTO_LDART_0243.ibw,LDART,243,1696030,6449b7ccfcffac8db7217753029bf2aa02d1cae31a20e66ba1416040ce567a13
260827,260827/PZTO/PZTO_LDART_0244.ibw,LDART,244,1696028,9746e9d0aea254c2d8dd7ebbcde7d6b9375e0581665ecb602c91575be80cc6c5
260827,260827/PZTO/PZTO_LDART_0245.ibw,LDART,245,1696263,19e70e8a1240e81d65321a15c83c3c2a22f200628f9bf38c23528ea8b159b82a
260827,260827/PZTO/PZTO_LDART_0246.ibw,LDART,246,1696230,42bdf3a0f33510b4fb6c0defd0b4c7f8507a9af69b619d6a3bfae2229d532e01
260827,260827/PZTO/PZTO_LDART_0247.ibw,LDART,247,1696286,30c1d764f624fe0862d5bcd9a741756ecd07630cc6c6158b7e3e273b0c2ecc27
260827,260827/PZTO/PZTO_LDART_0248.ibw,LDART,248,1696201,c764db73382659585a04dc807d6b761ff34a1ce99dbecdd5305800917141c118
260827,260827/PZTO/PZTO_LDART_0249.ibw,LDART,249,1696236,52eb22efeb480d4fe2621e90ff4938a984938cff34ccc0cc283ed386e6219664
260827,260827/PZTO/PZTO_LDART_0250.ibw,LDART,250,1696088,008a65bdcc2dab783a82dfedfd3a2d3c0d9391ea7ba251f9e4d12c2c99863e38
260827,260827/PZTO/PZTO_LDART_0251.ibw,LDART,251,1696127,816ca9ae3b84d3ade864e2d297dc111f63cf860d9f20ae3208b2bae32aa79b5a
260827,260827/PZTO/PZTO_VDART_0000.ibw,VDART,0,512317,f084aba38cbc8d9418d744c0268b94aca7a5272566fa0a6222bfb26b79e454f0
260827,260827/PZTO/PZTO_VDART_0001.ibw,VDART,1,512419,37559da71ef8aba4a99390139b893434fc9e87472a8edb87cae4f6badf906cba
260827,260827/PZTO/PZTO_VDART_0002.ibw,VDART,2,512439,6bd5a1760ebccb6b6386541ed3d25d23f88471df67b31a5e7867af808b6e3adb
260827,260827/PZTO/PZTO_VDART_0003.ibw,VDART,3,512430,8110d53cfce723f5bee51be4d972475173f9a4e5046d6f0ba8866a14e4b9ae4b
260827,260827/PZTO/PZTO_VDART_0004.ibw,VDART,4,512445,72f4fb1fe7defd7e974c470c5a0aaae98bc97c3ac41f3615366526ed17ff6a81
260827,260827/PZTO/PZTO_VDART_0005.ibw,VDART,5,512458,ed10d2a84a4f568085715d266806f9ea0e2f14e7c481f48e5c3b60033028c528
260827,260827/PZTO/PZTO_VDART_0006.ibw,VDART,6,512423,c74497bb2d692fc6ae6325528572e3dd7d12057c813aa7be9cc8e1f0b65cba4d
260827,260827/PZTO/PZTO_VDART_0007.ibw,VDART,7,512430,5a43e6273b3b5ec795bdd3da0bf92267e4996feece36b50408b8c0e303a17d0a
260829,260829/PZTO/PZTO_LDART_0000.ibw,LDART,0,6422991,aa5c4d46cc55fd13e25317e7e7be935649b74bac9c5fa1e017f6fadc297a796d
260829,260829/PZTO/PZTO_LDART_0001.ibw,LDART,1,6422974,469b24b130d4da787530ca5fbf59c73fe7c39fbb6f33aa7c840cea247d933c1f
260829,260829/PZTO/PZTO_LDART_0002.ibw,LDART,2,6422976,d4151ba56dcfb1f04ec9b1b5c9cb4c66a435c99af8558be0bd1fcf5597e3021f
260829,260829/PZTO/PZTO_LDART_0003.ibw,LDART,3,6422949,e2998824930ba6da3fd59ec049bc75c4cdaf8673ff63e6245b3ae9a88c95b3bb
260829,260829/PZTO/PZTO_LDART_0004.ibw,LDART,4,6422667,c822bef2caf833f5edb50493cd068b490af180dc2595522fd61c457e89b03cf6
260829,260829/PZTO/PZTO_LDART_0005.ibw,LDART,5,6422656,c3b76000791871f9be1bf3a6e33f4a6bd3c7ecfca28b17f1b2f482a7fa42c2dd
260829,260829/PZTO/PZTO_LDART_0006.ibw,LDART,6,6422941,4118f83a2798a52e73813bd89df769ed7a28a76e91eb479249ff273a2753bfa2
260829,260829/PZTO/PZTO_LDART_0007.ibw,LDART,7,6422911,0758f4c8fdee6ce29b6e540d949170e9a7da54d76cd93a144e92eb3428518f28
260829,260829/PZTO/PZTO_LDART_0008.ibw,LDART,8,6422542,3f6c36e2a9ed0a828377851224b14472866f8d9492450029ec6f79fece1bd3e7
260829,260829/PZTO/PZTO_LDART_0009.ibw,LDART,9,6422529,512381aba1be44c7813b055bdd12863934c5c0ac41cb6ab96493dc719e3c2579
260829,260829/PZTO/PZTO_LDART_0010.ibw,LDART,10,6423014,65b98e82cc6641c088aece2e51813288a4cd907fcc8d3b298aa19476063112e6
260829,260829/PZTO/PZTO_LDART_0011.ibw,LDART,11,6422998,01c6f7329d9c7eee49ee74271e5f3d9e56601dd93470d697098cdeb554c75cf3
260829,260829/PZTO/PZTO_LDART_0012.ibw,LDART,12,6422627,ee9759aad1ddbe7cca52c14e71ed1c317e65358cabbbabdcacfedef81fddd354
260829,260829/PZTO/PZTO_LDART_0013.ibw,LDART,13,6422605,9ddd2a78b01b4798891bb5cf929cb2b5f5cbb153e618cfa107d8a5f2eefd1e52
260829,260829/PZTO/PZTO_LDART_0014.ibw,LDART,14,6422862,429661b5965f19165f4e8f3025da30cfa9228193a934d097e87eedb685e26544
260829,260829/PZTO/PZTO_LDART_0015.ibw,LDART,15,6422822,d959edb174d0b20ec299b3d039255b5398c69b5e93c3683ce746a5e6b923ccae
260829,260829/PZTO/PZTO_LDART_0016.ibw,LDART,16,6422861,6cb50af0e51c98a1f7b551167bedd0dfbc7f94dad0f064dcd98c25bdb552ba7b
260829,260829/PZTO/PZTO_LDART_0017.ibw,LDART,17,6422904,fb3bb86f7f4fd0d200fa8db3c514ad49cfe0aa928c199339388fa235e7620df8
260829,260829/PZTO/PZTO_LDART_0018.ibw,LDART,18,6422995,363fab1b03b5afa804c330e4eea5cdc2fd9f2f4521682dc935e7f0048acc5241
260829,260829/PZTO/PZTO_LDART_0019.ibw,LDART,19,6422969,97b22a7995d8ef6ceaaa2f7e1171be59416e1f6613e759d2beff99867e59b902
260829,260829/PZTO/PZTO_LDART_0020.ibw,LDART,20,6423012,5ca8aea9aec8430946b002a46534c3ba92c891f74c5862ce3cccabf3091e1ce3
260829,260829/PZTO/PZTO_LDART_0021.ibw,LDART,21,6423009,6d2d6c0d13e9d6317ec0c726432e4d34356ce04fc81ec457214c96b8559055bb
260829,260829/PZTO/PZTO_LDART_0022.ibw,LDART,22,6422811,e7b3785da5a150f0113753995195a88e7f61ae1aedced0c764624ef20802a232
260829,260829/PZTO/PZTO_LDART_0023.ibw,LDART,23,6422814,c7dd057710e91b9bc8a0153eaba1d7529da656ecdc949c2fdc192f829f6cdde3
260829,260829/PZTO/PZTO_LDART_0024.ibw,LDART,24,6422977,b671f4ca22ae8b0ce59bc5b7d3a205f117ae5c8e2a869be88a17687b50d6fde8
260829,260829/PZTO/PZTO_LDART_0025.ibw,LDART,25,6422969,4a43c33bb7fa963c30d5f1f26e68da2b9582fe3125331e0a9eb3ab726d9db10d
260829,260829/PZTO/PZTO_LDART_0026.ibw,LDART,26,6422555,ad281f924e8112feb01060eb86d61fe626e4a7be2256e11133b7a3f526032e41
260829,260829/PZTO/PZTO_LDART_0027.ibw,LDART,27,6423028,a506bfb57f7aca476e700afd2c211227377f51141201dbd0a4031c7408c8d480
260829,260829/PZTO/PZTO_LDART_0028.ibw,LDART,28,6423042,00f9d4befac35e56ce80c7e1ecc06c5f4426e183dd0a238fcdb426a30166a8f5
260829,260829/PZTO/PZTO_LDART_0029.ibw,LDART,29,6422889,fcff248b43e80a807a43dba5021993209515e4c254c8eee26184066fdd803868
260829,260829/PZTO/PZTO_LDART_0030.ibw,LDART,30,6422452,857fe3a23a02c87b9a851d175a1789350197adade4fa802a2afb825d562703ba
260829,260829/PZTO/PZTO_LDART_0031.ibw,LDART,31,6422542,4b7c2f00e546a45b345f411ffdf1d6184a0e2a7b0a03d5f8337d55ad43792404
260829,260829/PZTO/PZTO_LDART_0032.ibw,LDART,32,1696002,a9c04484ad72b29047692aa76466472cc8efa8c48e92e221bd1b436e8bc6764c
260829,260829/PZTO/PZTO_LDART_0033.ibw,LDART,33,1696024,65d071e78817eca744c056549e40ec39e7e7c9254145ade4a3e041e0e8e9cd60
260829,260829/PZTO/PZTO_LDART_0034.ibw,LDART,34,1696039,be03b590bb289825247f0576d74c1db47a82550a13d8f082e1d2796341f2503d
260829,260829/PZTO/PZTO_LDART_0035.ibw,LDART,35,1696053,2f5ba24907a9fbbff4edd76d9fe6483c476eea504585b970325262074855b494
260829,260829/PZTO/PZTO_LDART_0036.ibw,LDART,36,1696022,7f5a37fdf01e1db2434292c2195d88f500f9f28e88a672f7589638c2ab6728b3
260829,260829/PZTO/PZTO_LDART_0037.ibw,LDART,37,1696039,3bdd7a08032796bea1f825a53dd2a1a5318344a7491288f33ac2c2fef0b7e024
260829,260829/PZTO/PZTO_LDART_0038.ibw,LDART,38,1696050,71e57b101aec20966a29d2452abbd02b9fa1e6d920d10cc92520cded3c990236
260829,260829/PZTO/PZTO_LDART_0039.ibw,LDART,39,1695937,571ecb1d95f70d45925cb5999c0936444cf1ffc91e1ff63163876293457fcc61
260829,260829/PZTO/PZTO_LDART_0040.ibw,LDART,40,1695819,df09a92e10c6dcb65778b85318878a5310bd3a816f099d7e2b58b06e26b0d252
260829,260829/PZTO/PZTO_LDART_0041.ibw,LDART,41,1695918,ba0661cd987e5ec0df257c0682f24144d506beda2fdce522f2b85caf0eb68fca
260829,260829/PZTO/PZTO_LDART_0042.ibw,LDART,42,1696036,5786dfed3a491d8a418fe09b359b5f64e955816b42beb566ba7edb02333b70a9
260829,260829/PZTO/PZTO_LDART_0043.ibw,LDART,43,1695972,6240afe26dc11b369d744f678722ad7db2811bb8d38957763359a6a51e34df23
260829,260829/PZTO/PZTO_LDART_0044.ibw,LDART,44,1695602,eee3b2feabce9433738910f142a1aac4a7e2a4cf9e22da5e8b82a6be7caf3e23
260829,260829/PZTO/PZTO_LDART_0045.ibw,LDART,45,6422310,8adb6fffeb9be3af5812d2645a847a9c1165b0520a5a24ecd3b2e3403ffbc79c
260829,260829/PZTO/PZTO_LDART_0046.ibw,LDART,46,6422492,771221de85b0069fb44f06fe790f5e8f6e52493847dd71e2eb0f044446eeddce
260829,260829/PZTO/PZTO_LDART_0047.ibw,LDART,47,6422253,f3215dcc1cfcc03cadae9cd8a115c851c941546d973059c047d6f7d8c05f15be
260829,260829/PZTO/PZTO_LDART_0048.ibw,LDART,48,6422335,371bef2831eb923e7d6fd8b974da9927fa8a601f0a08b78a09b6d847dff639b2
260829,260829/PZTO/PZTO_LDART_0049.ibw,LDART,49,6422509,baab9efb4ca6e6a73dd8a0ab5739b6ddc649589e66e603a26925efd0c0c78e28
260829,260829/PZTO/PZTO_LDART_0050.ibw,LDART,50,6422526,aed8abb045333388ca62bfca3850199fd5cf129f91362d9155f859e9e41b7c4e
260829,260829/PZTO/PZTO_LDART_0051.ibw,LDART,51,6422480,3994ada5575c53182f60cddd86335f500b7a98e01bd8dc8ac7cf65fc275a3071
260829,260829/PZTO/PZTO_LDART_0052.ibw,LDART,52,6422503,521bc93a66cfb33aa1d3944f430debdd355d0f7312ac75b8865dfc2d430e0793
260829,260829/PZTO/PZTO_LDART_0053.ibw,LDART,53,6422226,edee00dfda2452b7679b3b7261908b9c745c01588031259b120db30a591f41c5
260829,260829/PZTO/PZTO_LDART_0054.ibw,LDART,54,6422204,6a59497fd05bbf4657b4e91de896b025c974e717c943c460910f049d9666742a
260829,260829/PZTO/PZTO_LDART_0055.ibw,LDART,55,6422461,b317bf40669ebeb6d16dc2bec40f16bfbfe94dd38a51265081f2431448d0f7a0
260829,260829/PZTO/PZTO_LDART_0056.ibw,LDART,56,6422476,3c59af2c79b5345e0f63f581c4e902bf36e28654f15efb54ba3b6c71cff4da7b
260829,260829/PZTO/PZTO_LDART_0057.ibw,LDART,57,6422510,b1ea1443c07ede28118afa59af4d929fe6a9e7fbc2c23b27ef3f902ec4db831c
260829,260829/PZTO/PZTO_LDART_0058.ibw,LDART,58,1695860,3217f25331b578489af5a5c72bfa53ca48b254806c3c8792ba19a6a946270e45
260829,260829/PZTO/PZTO_LDART_0059.ibw,LDART,59,1696066,dac3e169a356155bd1281785b1f12552b052f5a8bec9ce9da9cbbb2a05a48626
260829,260829/PZTO/PZTO_LDART_0060.ibw,LDART,60,1696015,1cda06d727c5dbaf4855923cb240585b83933998ba9638d81dba4973458df9d5
260829,260829/PZTO/PZTO_LDART_0061.ibw,LDART,61,1696039,5736366cf5cac4b071e0183d9efd5311693b8242729120c9c2080c2998f9b907
260829,260829/PZTO/PZTO_LDART_0062.ibw,LDART,62,1695985,b21db34471217e36da3a69cfba011ff426dddbe84c14073d6da44608b63580db
260829,260829/PZTO/PZTO_LDART_0063.ibw,LDART,63,1696059,136cc5b06c3b29f33d28ad649017bc98b55ff8dc510d400cd45886142c9e4f37
260829,260829/PZTO/PZTO_LDART_0064.ibw,LDART,64,1695869,5f13fd466cb7a0a527ca46d9895baff69a297377fde65422ab65767ef1183a7b
260829,260829/PZTO/PZTO_LDART_0065.ibw,LDART,65,1695686,48900c7e873c2c7c84fb10f0457aea64297b4e12d91a911b40dffd79df6cbb28
260829,260829/PZTO/PZTO_LDART_0066.ibw,LDART,66,1695935,9825981ee342c386eb11c614dbaee1f237fc4c86910a6e768fbba6f30dda1b06
260829,260829/PZTO/PZTO_LDART_0067.ibw,LDART,67,1695861,b643fdbe98e92f19882a3f8d41136d7920b56d064ca7f65477051083af8d3523
260829,260829/PZTO/PZTO_LDART_0068.ibw,LDART,68,6422546,eae4c2758f049ab9a5fb329759b9e441908b034a72d9b15ac728cb65eceadad1
260829,260829/PZTO/PZTO_LDART_0069.ibw,LDART,69,6422525,04657f8447eaf91f3c7421b3b91e39b72c6df2917b1c6a10a6740489ba8457ad
260829,260829/PZTO/PZTO_LDART_0070.ibw,LDART,70,6422053,5f7465a079e688faa0b3629d6caf5f0bba1b9f242e14ac59147605d2f0b0da7a
260829,260829/PZTO/PZTO_LDART_0071.ibw,LDART,71,6422060,1fb27af3b959c4e01d2ec0ea3b40ef713a692c15293f000491de7919de516350
260829,260829/PZTO/PZTO_LDART_0072.ibw,LDART,72,6422499,2e0e499631cd1d64fe277d786316f87def2f2465d4d5ca315f90e170f292abaf
260829,260829/PZTO/PZTO_LDART_0073.ibw,LDART,73,6422504,b9c3f7da948ac09581283609ab9937e2fcc8a313ef32e5e5493dd97529e78889
260829,260829/PZTO/PZTO_LDART_0074.ibw,LDART,74,6422195,629a746c7cb6e3ef7479f23c2134dfc97df1ab04c12d937de393afbd1f3d4ca6
260829,260829/PZTO/PZTO_LDART_0075.ibw,LDART,75,6422165,fb0302d5badfa554af6726b26f2f88fd60ee7b26df6db1e2128eabfce8405f6c
260829,260829/PZTO/PZTO_LDART_0076.ibw,LDART,76,6422496,62b01b879bd12a1bcd9f23975e7b7cb444ef7317c3357c3e10f2ec9ba64ba3f1
260829,260829/PZTO/PZTO_LDART_0077.ibw,LDART,77,6422468,cf67802d23726cc6663cba7dcb4b1edfbe1f9e2e89c3bbf5b2baecfa3ac6021a
260829,260829/PZTO/PZTO_LDART_0078.ibw,LDART,78,6422479,9a4d99cd103c8fa952421d5e1a14c82457c228e8aa048f55bcffcd4fbf2d4d8f
260829,260829/PZTO/PZTO_LDART_0079.ibw,LDART,79,6422541,0c49a1d15d9be90770b81b1db0348121844a79c28738ef4d9c67f60fda16a40d
260829,260829/PZTO/PZTO_LDART_0080.ibw,LDART,80,6422361,33695c3df48cd104fb46b9809b22fab64f501f9080ea096d84b21ae82d2227ce
260829,260829/PZTO/PZTO_LDART_0081.ibw,LDART,81,6422047,0b9a3889e33a88fb1a788f251532f8ca08993f6442b7eaa9741784ae7b4801fa
260829,260829/PZTO/PZTO_LDART_0082.ibw,LDART,82,1696082,7084fe0a461650166d4efd6e9cd6c1b1b2e8434f7b93b90e1be2a0e0af1fafab
260829,260829/PZTO/PZTO_LDART_0083.ibw,LDART,83,1695905,59aabf0e00d296cccc268598958c60ef3db0ffe034b154170dfbb1ac97138e75
260829,260829/PZTO/PZTO_LDART_0084.ibw,LDART,84,1695955,5acf142dbba1560431b2eaab15f3d4c62e48f906fc1e73798ac1fe9c3e6f8f8d
260829,260829/PZTO/PZTO_LDART_0085.ibw,LDART,85,1695842,9f9ceb4b7e60913e4cc4a591e54a8496151147a5fb36f421732aba0597398c83
260829,260829/PZTO/PZTO_LDART_0086.ibw,LDART,86,1696079,88282a008a42f8e5adfbc86fd60d7c0950e769d5349df47bbde503de6f96258d
260829,260829/PZTO/PZTO_LDART_0087.ibw,LDART,87,1696056,b0acaa238fda3032356aa4150da3b5ecb76432434211c7bf6028929e47ed07bb
260829,260829/PZTO/PZTO_LDART_0088.ibw,LDART,88,1695974,687234b463711b9973c43e3877a7b12b8020199f29734f97ff2cf9735ebb6209
260829,260829/PZTO/PZTO_LDART_0089.ibw,LDART,89,1695406,fadda8905d9abeecede5e4ac6de23e8afebb47f06e908cd27fd76e668a939736
260829,260829/PZTO/PZTO_LDART_0090.ibw,LDART,90,1696047,9c53b2fe481b31c98b9f3af83cd88a6b1e33582d0f05d106af8dc3c48fc6b0c8
260829,260829/PZTO/PZTO_LDART_0091.ibw,LDART,91,1695902,a708e714ac0323f847fe5741811664a6821ac4806b6d103add6ea747a233f55a
260829,260829/PZTO/PZTO_LDART_0092.ibw,LDART,92,1696024,c505feda9d5ebe16f948dadbdb332118fa80906a10f20ecd491f458f15e317bb
260829,260829/PZTO/PZTO_LDART_0093.ibw,LDART,93,1695989,e04d24a742fbaf09c4039fcef4cb171f6db8a185623d7092f45b89bfe52f7c81
260829,260829/PZTO/PZTO_LDART_0094.ibw,LDART,94,6422520,494d3f267f7d2a0b6938240305bb3e71e490b382160b02830a370c97a1ae3f7a
260829,260829/PZTO/PZTO_LDART_0095.ibw,LDART,95,6422546,c42be6f03dac38133cf7c84c5ab993e2c3846c2a7e1352bc6d3acac544a2c7df
260829,260829/PZTO/PZTO_LDART_0096.ibw,LDART,96,6422552,8d413c4e6348e6500f59c0cce7a9b44772976f62109931afc65cca3ffeaad915
260829,260829/PZTO/PZTO_LDART_0097.ibw,LDART,97,6422539,6dca92e2b52227bb8a2607f89fb155e2e30aef5cb01360267c9d9d00b0747a7e
260829,260829/PZTO/PZTO_LDART_0098.ibw,LDART,98,6422472,abf0e3dd88a11f18f4c651077b587e4ef2c2e50bc32a5efa71729c148a675797
260829,260829/PZTO/PZTO_LDART_0099.ibw,LDART,99,6422422,702fc236704c3e58c5f6bc18a6dbbb97efcc67744cfb1db500a997d0a1519a49
260829,260829/PZTO/PZTO_LDART_0100.ibw,LDART,100,6422471,870f7559c72adb03563a2aad7ea6f2e433e69762b781d0347c5775425a25282b
260829,260829/PZTO/PZTO_LDART_0101.ibw,LDART,101,6422479,0234b212d94cef4842d871c62aa49e7bd683082c1e9a9f8eed80776f3b7ac99f
260829,260829/PZTO/PZTO_LDART_0102.ibw,LDART,102,6422478,681e7f993bfaf6cee39ab927acc485c185b588e2efc4a3082bb3b68227ac6142
260829,260829/PZTO/PZTO_LDART_0103.ibw,LDART,103,6422277,da83a3173a1dafdb5a794cb79ae14b5938e6ee005e64fd6cf3b4d625a7ede83d
260829,260829/PZTO/PZTO_LDART_0104.ibw,LDART,104,6422248,a427ba08a1467149668d07029facf7fe3046dd88e8b9fb7b1a641e66f74b5791
260829,260829/PZTO/PZTO_LDART_0105.ibw,LDART,105,6422342,286e71181d988a25d5ee0f74503c9d1bce62e8cf45d6cf4e2f6724f5d5f0e052
260829,260829/PZTO/PZTO_LDART_0106.ibw,LDART,106,6422489,573d75d4c7248bb2874f2a0328932337c27bf29db13e823adea7b775d599225d
260829,260829/PZTO/PZTO_LDART_0107.ibw,LDART,107,6422487,841ff3901384327c29a3c105b1b1b8256cd8cc8371c6f44cc9b6726fea98677f
260829,260829/PZTO/PZTO_LDART_0108.ibw,LDART,108,6422268,38872ae86b3d1c3d88bd401c3a2be7a78112f45fa690040208c6b52b63f2bd40
260829,260829/PZTO/PZTO_LDART_0109.ibw,LDART,109,6422234,35139914b547d78472cacceeed3088eca5bfd2880cb00fde83ad860d855f7e3b
260829,260829/PZTO/PZTO_LDART_0110.ibw,LDART,110,6422515,ffcf90fb95d65722aa99c17ab904bfc7e06b1fe33e339e56ec45d6aa0bc1024a
260829,260829/PZTO/PZTO_LDART_0111.ibw,LDART,111,6422534,63dc6ba6a6e0ebb89f4006e500a3ca19584a58156b8a25fe76c7b272f7945afc
260829,260829/PZTO/PZTO_LDART_0112.ibw,LDART,112,6422437,a8fa871f5dd83b62104c27bd801dde2f4516e774fe1312f84cc7ec761be2e1c7
260829,260829/PZTO/PZTO_LDART_0113.ibw,LDART,113,6422445,ccd0d5176a6c90dbd435b7ca6090092df2154971fca20292b1dfc8a383e85a32
260829,260829/PZTO/PZTO_LDART_0114.ibw,LDART,114,6422256,8ed0a93c0e524593110ed9ba57b44e9778591d67527361f18debc86e267e45c8
260829,260829/PZTO/PZTO_LDART_0115.ibw,LDART,115,6422119,dff3632d89fad99d62489984da9a6ffd1778bfac206e25ded06b3b765075f868
260829,260829/PZTO/PZTO_LDART_0116.ibw,LDART,116,6422172,813fd68f60ab1708472aee2839e45fefaa15ece523ceed6b3fe7d95bd65ab151
260829,260829/PZTO/PZTO_LDART_0117.ibw,LDART,117,6422161,cb42215af4818d18a6ab89422fd15d27a4f0fbb863288afd1e5e69525f876530
260829,260829/PZTO/PZTO_LDART_0118.ibw,LDART,118,6422368,97363369932830246c3d667024679e6ff075c9c1ef07dd90528f4658b0903227
260829,260829/PZTO/PZTO_LDART_0119.ibw,LDART,119,6422478,3df2952f5f16c8046b4524c8eaef97cf42c742b5d6021cc8735b523b8c3ca9b6
260829,260829/PZTO/PZTO_LDART_0120.ibw,LDART,120,6422254,3de01cfe01cfcb2f5531e35d05125598da627ec0bcc6c3984f93dcd69df3d38a
260829,260829/PZTO/PZTO_LDART_0121.ibw,LDART,121,6422172,a7f14934714448fceaacc3d0835313eb68e27518de59e4e08321ca7a75602ced
260829,260829/PZTO/PZTO_VDART_0000.ibw,VDART,0,6422957,4b58ae817ae3a01719fa100be31e412153cbe34191848ba9b6d9abaa64db4d86
260829,260829/PZTO/PZTO_VDART_0001.ibw,VDART,1,6422938,7f910d6bac962816d14ed98b04559e7f87c5cf159f781828a85b5b875cd03a67
260829,260829/PZTO/PZTO_VDART_0002.ibw,VDART,2,6422950,36d36cda28d29c150463a73bb58b7c45c17f8d7f9e18a1e2c67aebb1345b9781
260829,260829/PZTO/PZTO_VDART_0003.ibw,VDART,3,6422954,5a77c2bb33bb618ba373636004429e08c00a3e4d3a5301c00d072fd9f91975f5
260829,260829/PZTO/PZTO_VDART_0004.ibw,VDART,4,6422648,4df72d1e6da8dc07cd3e9c2c906fa11729f8c03a51fe5e8019c1adc0564c9363
260829,260829/PZTO/PZTO_VDART_0005.ibw,VDART,5,6422630,b44fe40afdd477dda3ca320c2cd885d9ec864ebdfc12a7632ffe8322014f51ef
260829,260829/PZTO/PZTO_VDART_0006.ibw,VDART,6,6422909,ef924e72eeb0df4991940bf3ea10991f9a1a8e6ba4ab0cb2eba57c03263de728
260829,260829/PZTO/PZTO_VDART_0007.ibw,VDART,7,6422903,8feaf5a06f76eb0f8778bf2405d6caa604be72844f614aad4fbb713c46234140
260829,260829/PZTO/PZTO_VDART_0008.ibw,VDART,8,6422523,c88fa468c973b063496ff0d3b2cf45bda3d1b61a62ecf8154d686a814c34ab62
260829,260829/PZTO/PZTO_VDART_0009.ibw,VDART,9,6422518,164107f4bcb5194f407e334b1838ba56f8161b7028237898f6c2ab48657ceb11
260829,260829/PZTO/PZTO_VDART_0010.ibw,VDART,10,6423004,bddc3ff3a5ca0a9648aab76cb696f22967a4cc095f8c58f35ff0d59ade715eb5
260829,260829/PZTO/PZTO_VDART_0011.ibw,VDART,11,6422972,74bf9d51c10ccc9eafd33dfcd1e6236b58a09c76f2d1f77b751cdd4e1375d889
260829,260829/PZTO/PZTO_VDART_0012.ibw,VDART,12,6422591,13f8e692c473f0090114c36d947d646ad24414e913fa5db082b49f57468d94e8
260829,260829/PZTO/PZTO_VDART_0013.ibw,VDART,13,6422597,98821aec9faeebb8a3e2785c833f80d1254c6c70eb34c186ee91f5939c637cca
260829,260829/PZTO/PZTO_VDART_0014.ibw,VDART,14,6422799,d68c0f0f5a242e9097c8a2649971152f95efa672b412a09e43ead21f5ad846f4
260829,260829/PZTO/PZTO_VDART_0015.ibw,VDART,15,6422808,eb833a7a9f88d30d4333e0e6c6ab0ed520e56b392f9782d95f469d0ef9aeedaf
260829,260829/PZTO/PZTO_VDART_0016.ibw,VDART,16,6422854,9d2aa583c61aa1b58dccd9816e21b049fac70964de8a3e958fc0efa3067ce2c1
260829,260829/PZTO/PZTO_VDART_0017.ibw,VDART,17,6422841,2180f397514a169ea37f69468830f2a0c51b75d93ecdf1bbb3ce7cf29edb6871
260829,260829/PZTO/PZTO_VDART_0018.ibw,VDART,18,6422989,c4cacfebd0db823327262ec72fa0d94458fed6f26529e14e93bd224d284753e5
260829,260829/PZTO/PZTO_VDART_0019.ibw,VDART,19,6422990,e86df3b0d3ad521d1b8e478a16434cafe8ff616825ad33f68dfced0432a6a2e5
260829,260829/PZTO/PZTO_VDART_0020.ibw,VDART,20,6422956,d29bcea5e4768673b0f575bec284d4e61cbc64aaac8eaca8a2ef34078326c673
260829,260829/PZTO/PZTO_VDART_0021.ibw,VDART,21,6422945,a237bd7e70af4348adad832d243d9efc9e15699fd2fa72130481a0dd086de7ae
260829,260829/PZTO/PZTO_VDART_0022.ibw,VDART,22,6422787,18f324e62560bde71ad28a2ef90e22e924281c8c9c28988ff96606fdf7e11b00
260829,260829/PZTO/PZTO_VDART_0023.ibw,VDART,23,6422747,7a548abde631c87595d69a4a851781268868a179f53c980e32804c629e301634
260829,260829/PZTO/PZTO_VDART_0024.ibw,VDART,24,6422928,b5beba8856b76201e4180d70489648e4d437ee03e5e824cc440e6761869d3a37
260829,260829/PZTO/PZTO_VDART_0025.ibw,VDART,25,6422922,e7ae2c7a4f15449488ff89e378c811afa312542c6e7a365d372f2a4566b9e96f
260829,260829/PZTO/PZTO_VDART_0026.ibw,VDART,26,6422509,2e5b9a50815bb708415b51e885162d261e3b5ccea62c0650631696a1d13b9c45
260829,260829/PZTO/PZTO_VDART_0027.ibw,VDART,27,6423027,921629972898f683c257b63c6c584b329b7c89aa68025d2b707c0ce2e4be1ee8
260829,260829/PZTO/PZTO_VDART_0028.ibw,VDART,28,6423010,f82c71b24aed37805512460f2d18a1a48704e365a3f7eef71197ec414c2f3927
260829,260829/PZTO/PZTO_VDART_0029.ibw,VDART,29,6422263,eafc2142f605c241adb0cfef32df65a30830d5f2841ce9619be0cc91eedaab46
260829,260829/PZTO/PZTO_VDART_0030.ibw,VDART,30,6422295,963eb2c20305676aaaa236f6e5d7ccfd5cf09d8a8f4b49b2712e8f7dba1c81d0
260829,260829/PZTO/PZTO_VDART_0031.ibw,VDART,31,6422274,2bb3b4bb6206ae032a03c72e31d2e7b4ba6e9c0a5b15a7148a245a241e2ab60c
260829,260829/PZTO/PZTO_VDART_0032.ibw,VDART,32,6422467,3757f7a789c8e40f6da53d88baa91101d078b61d7ccafcff6fba847f060a91bd
260829,260829/PZTO/PZTO_VDART_0033.ibw,VDART,33,6422493,d381a1fbb535ab7671626c410c9223d648f52d7ddeadb06535defdb22ed4f128
260829,260829/PZTO/PZTO_VDART_0034.ibw,VDART,34,6422456,51db7caa2d45e56706bc69b28d873294dd6e3c11217e484649c14f7c1c6a0154
260829,260829/PZTO/PZTO_VDART_0035.ibw,VDART,35,6422478,12ba79dac048c27b7efa3fc3e366d01372955576fad0a06f48bbb6fa05fe1ab4
260829,260829/PZTO/PZTO_VDART_0036.ibw,VDART,36,6422184,d4b52146cfc1a30454a299e831792266f7f7015c23f938ece8281dd7c1921303
260829,260829/PZTO/PZTO_VDART_0037.ibw,VDART,37,6422162,7a55bff8f1fcbc528500437a32083d3f2c9fa348fa7530c20663814ad5d1fef1
260829,260829/PZTO/PZTO_VDART_0038.ibw,VDART,38,6422436,259f245688b5235be6afc256ecfbf23cf830a06651d71ef8f1ec9bdbf85e1d99
260829,260829/PZTO/PZTO_VDART_0039.ibw,VDART,39,6422465,5df6a0ccfe9271ec39bfc65590e15e2149461e6228ddffe79902ea1880751fec
260829,260829/PZTO/PZTO_VDART_0040.ibw,VDART,40,6422480,579d981ca289ff771842ffdb54f40683a0f007db1719ac1cc215145b98b70972
260829,260829/PZTO/PZTO_VDART_0041.ibw,VDART,41,6422505,e54f9121f3078d2a297a3638440bf0d00d5ce085b6dea304c011117e8c828758
260829,260829/PZTO/PZTO_VDART_0042.ibw,VDART,42,6422503,b4d39180b744e3b3d6b52ccb50ceb670e35e257c2420977a61f8e46685a03da2
260829,260829/PZTO/PZTO_VDART_0043.ibw,VDART,43,6422036,e00efc31d8bd9722d226bc5b8e53719ff50b3e211a3b247bac7d8da4af13ba0b
260829,260829/PZTO/PZTO_VDART_0044.ibw,VDART,44,6422039,a1d000d3a99e01792e32deacf625de7a0e157514ecdeeadd81ddcf7b4f50ee1f
260829,260829/PZTO/PZTO_VDART_0045.ibw,VDART,45,6422446,c757afb48dfd9c1e5ccb2d764ced69c59f640939e1385e5f181588f2f5f4c375
260829,260829/PZTO/PZTO_VDART_0046.ibw,VDART,46,6422441,664630809a0d97fcf572ac95d3b9b26991b4d5f6f4ced2480c714931f2dd84b5
260829,260829/PZTO/PZTO_VDART_0047.ibw,VDART,47,6422151,833de7bc10cb5df533de8ce7e7afad378d9d4ead950b502c29d8df3e49cabd9f
260829,260829/PZTO/PZTO_VDART_0048.ibw,VDART,48,6422148,4fef08e914ae692a19b56c1ab1adaa31642affa015ee391743a0dc72e17b3622
260829,260829/PZTO/PZTO_VDART_0049.ibw,VDART,49,6422500,16a87b20dc9899c2072f1d7647df31691300406e49453901782d9c4d0837cbad
260829,260829/PZTO/PZTO_VDART_0050.ibw,VDART,50,6422512,3efedb85a592904b368c89700b658e9d6035089b894c4cf1d12d9a59807b08cf
260829,260829/PZTO/PZTO_VDART_0051.ibw,VDART,51,6422537,843e0f780dbaa2e121fe14e023cee8db5a5d9bbc2f64e794ca9a8cb6c4d66735
260829,260829/PZTO/PZTO_VDART_0052.ibw,VDART,52,6422531,5f71055965229e28905f0b313d17e36b8a740f0a77abe41e8b715dd262d94218
260829,260829/PZTO/PZTO_VDART_0053.ibw,VDART,53,6422441,541fd62e5ac1eac979e7fa7de0ae834f1f22fc0b0274efeb62913efd09da38bb
260829,260829/PZTO/PZTO_VDART_0054.ibw,VDART,54,6422431,2293a9765c9c79b43218af01af5ca5dd508b6347dd31dbebe429022cbe97cde0
260829,260829/PZTO/PZTO_VDART_0055.ibw,VDART,55,6422445,cd038829a9c8ec45da411cac12d05450a146006824b5537544c53b585477d290
260829,260829/PZTO/PZTO_VDART_0056.ibw,VDART,56,6422441,6b04ad625004ced4c9c50c1bcbd4884fc8ab3deb58430d087574144492a2b163
260829,260829/PZTO/PZTO_VDART_0057.ibw,VDART,57,6422450,41e406ac1a41b969c5cc1dfbe11036be82ffe15081f3c514a93d0093ed93a44f
260829,260829/PZTO/PZTO_VDART_0058.ibw,VDART,58,6422239,8361e99368a6a3b8366c8753084f15536bc75b079621d5d86668d28ece877dd6
260829,260829/PZTO/PZTO_VDART_0059.ibw,VDART,59,6422233,19120d81a74f12523601ef4064add7251134059044698aa82f3f11747c672be6
260829,260829/PZTO/PZTO_VDART_0060.ibw,VDART,60,6422463,b70a764f4b286fce0518b7cd717111b5bf6895c238df0126c06e379754e21de4
260829,260829/PZTO/PZTO_VDART_0061.ibw,VDART,61,6422467,fdd882a37f6adda173945360cad83019889a6a703dcaa9b7b6f37c0696a15f4e
260829,260829/PZTO/PZTO_VDART_0062.ibw,VDART,62,6422165,b66488ca1c7d74044fa1b896a1fbcc165c8159a6d4c7ed18039f5f9482be1fab
260829,260829/PZTO/PZTO_VDART_0063.ibw,VDART,63,6422248,d0f804d47fe7b026e8d8fff1941e93494e31a14019bb7c5c318fc7ce3b95276f
260829,260829/PZTO/PZTO_VDART_0064.ibw,VDART,64,6422167,b3825512f2ed4dec66482dc7bd51c351c1fb9a09fbaa0c8183bfb052adceede0
260829,260829/PZTO/PZTO_VDART_0065.ibw,VDART,65,6422109,e974c8ef06770c6e19bbea087ccc361bac725fcb207eb3d22041fa0d9fea30dd
260829,260829/PZTO/PZTO_VDART_0066.ibw,VDART,66,6422129,b3e893bdf024372b6bd416b6df38a6eccec6652972121cac5703169b85481b1e
