stamp,exp,mode,area_x,area_y,lam_nm,triad,panel,kind,ang,theta,sigma,n_sites,q_site,w0_0,w0_1,w0_2,w1_0,w1_1,w1_2,dom_before,dom_after,want,excess,null,x_null,cleared,amp_before,amp_after,mod_before,mod_after
260828_2101,select,,0.0,8.0,300.8,14|74|134,P1,parallel,14.0,,667.0,86,15.2,0.3068,0.392,0.3012,0.7102,0.1414,0.1484,0.0,10.0,14.0,0.4027,0.0141,28.58,1,79.4,82.6,0.2714,0.3498
260828_2101,select,,0.0,8.0,300.8,14|74|134,P2,parallel,134.0,,669.0,84,15.6,0.5299,0.3696,0.1005,0.3914,0.2137,0.3949,70.0,0.0,134.0,0.3018,0.0141,21.42,1,78.1,66.4,0.2714,0.3498
260828_2112,select,,0.0,-8.0,261.4,16|76|136,P1,parallel,76.5,,663.0,116,11.2,0.5727,0.231,0.1963,0.3168,0.483,0.2002,25.0,80.0,76.5,0.2519,0.0363,6.94,1,75.3,64.1,0.2567,0.2209
260828_2112,select,,0.0,-8.0,261.4,16|76|136,P2,parallel,136.5,,663.0,112,11.6,0.2511,0.6405,0.1084,0.4086,0.0807,0.5107,90.0,135.0,136.5,0.5604,0.0363,15.44,1,80.6,77.4,0.2567,0.2209
260828_2124,control,,-8.0,-8.0,279.7,12|72|132,P1,solid,0.0,,647.0,264,4.8,0.2466,0.6843,0.0691,0.2729,0.5738,0.1533,90.0,80.0,None,0.1114,0.0125,8.9,1,76.3,65.3,0.2301,0.3578
260828_2124,control,,-8.0,-8.0,279.7,12|72|132,P2,parallel,11.5,,673.0,100,13.2,0.3721,0.3561,0.2718,0.8,0.0791,0.1208,65.0,10.0,11.5,0.4262,0.0125,34.03,1,80.4,75.3,0.2301,0.3578
260828_2136,dose2,,-8.0,0.0,300.8,19|79|139,P1,parallel,19.0,,536.0,82,12.8,0.459,0.341,0.1999,0.8887,0.065,0.0463,125.0,20.0,19.0,0.4264,0.0157,27.21,1,75.3,81.6,0.2126,0.3733
260828_2136,dose2,,-8.0,0.0,300.8,19|79|139,P2,parallel,19.0,,803.0,82,19.2,0.1758,0.4848,0.3394,0.7785,0.0815,0.14,70.0,20.0,19.0,0.5995,0.0157,38.26,1,76.3,89.6,0.2126,0.3733
260828_2147,dose1,,-8.0,8.0,245.4,22|82|142,P1,parallel,21.5,,392.0,128,6.0,0.3562,0.5229,0.1209,0.8826,0.0259,0.0915,90.0,20.0,21.5,0.5295,0.0459,11.54,1,75.5,98.0,0.2281,0.479
260828_2147,dose1,,-8.0,8.0,245.4,22|82|142,P2,parallel,21.5,,522.0,128,8.0,0.4285,0.3233,0.2482,0.9469,0.0263,0.0269,0.0,20.0,21.5,0.5214,0.0459,11.37,1,71.3,101.5,0.2281,0.479
260828_2158,dose3,,0.0,0.0,279.7,12|72|132,P1,parallel,11.5,,306.0,100,6.0,0.5127,0.2573,0.23,0.6419,0.1515,0.2066,20.0,10.0,11.5,0.1317,0.0127,10.41,1,72.7,70.5,0.2184,0.4193
260828_2158,dose3,,0.0,0.0,279.7,12|72|132,P2,parallel,11.5,,469.0,100,9.2,0.5104,0.222,0.2676,0.6541,0.1429,0.203,0.0,10.0,11.5,0.1463,0.0127,11.56,1,70.5,73.6,0.2184,0.4193
260828_2208,shear,,8.0,-8.0,261.4,19|79|139,P1,sheared,19.0,90.0,663.0,112,11.6,0.2203,0.5147,0.265,0.8548,0.0903,0.0549,135.0,20.0,19.0,0.6352,0.019,33.42,1,78.0,92.2,0.2541,0.4006
260828_2208,shear,,8.0,-8.0,261.4,19|79|139,P2,sheared,19.0,60.0,673.0,100,13.2,0.3793,0.4081,0.2126,0.7801,0.0326,0.1873,70.0,20.0,19.0,0.4016,0.019,21.13,1,86.7,96.9,0.2541,0.4006
260828_2350,dose4,,8.0,8.0,354.0,16|76|136,P1,parallel,76.5,,144.0,64,4.4,0.3305,0.4115,0.258,0.2591,0.5474,0.1934,90.0,75.0,76.5,0.1216,0.0096,12.69,1,77.3,83.0,0.2348,0.3375
260828_2350,dose4,,8.0,8.0,354.0,16|76|136,P2,parallel,76.5,,222.0,64,6.8,0.539,0.2879,0.1731,0.0906,0.7833,0.1261,20.0,75.0,76.5,0.4811,0.0096,50.19,1,81.8,94.9,0.2348,0.3375
260829_0020,dose5,,16.0,0.0,300.8,19|79|139,P1,parallel,19.0,,67.0,82,1.6,0.2796,0.3374,0.383,0.6846,0.1763,0.1391,115.0,25.0,19.0,0.4069,0.0139,29.32,1,82.5,75.5,0.1972,0.3155
260829_0020,dose5,,16.0,0.0,300.8,19|79|139,P2,parallel,19.0,,117.0,82,2.8,0.2775,0.528,0.1945,0.6764,0.218,0.1056,90.0,15.0,19.0,0.4008,0.0139,28.89,1,82.4,78.3,0.1972,0.3155
260829_0028,dose6,,0.0,16.0,245.4,14|74|134,P1,parallel,14.0,,52.0,128,0.8,0.3206,0.5092,0.1703,0.5889,0.2663,0.1447,90.0,10.0,14.0,0.2721,0.0112,24.35,1,80.3,71.9,0.2535,0.2495
260829_0028,dose6,,0.0,16.0,245.4,14|74|134,P2,parallel,14.0,,52.0,128,0.8,0.4192,0.3529,0.2279,0.6304,0.1745,0.1951,115.0,10.0,14.0,0.2149,0.0112,19.23,1,85.8,75.2,0.2535,0.2495
260829_0036,dose7,,-16.0,0.0,388.3,9|69|129,P1,parallel,9.0,,19.0,46,0.8,0.2281,0.5949,0.1771,0.2629,0.4228,0.3143,0.0,125.0,9.0,0.1791,0.0096,18.62,1,84.8,79.5,0.2057,0.206
260829_0036,dose7,,-16.0,0.0,388.3,9|69|129,P2,parallel,9.0,,28.0,46,1.2,0.3759,0.2399,0.3842,0.3702,0.2587,0.3711,55.0,65.0,9.0,0.0118,0.0096,1.23,0,84.9,75.0,0.2057,0.206
260829_0043,select,,0.0,-16.0,300.8,16|76|136,P1,parallel,16.5,,669.0,82,16.0,0.4364,0.29,0.2736,0.6902,0.107,0.2028,20.0,15.0,16.5,0.2571,0.0233,11.03,1,88.1,86.1,0.208,0.2859
260829_0043,select,,0.0,-16.0,300.8,16|76|136,P2,parallel,136.5,,669.0,84,15.6,0.4391,0.3286,0.2323,0.1848,0.1036,0.7116,90.0,135.0,136.5,0.4843,0.0233,20.77,1,92.6,71.5,0.208,0.2859
260829_0055,select,,16.0,16.0,279.7,16|76|136,P1,parallel,16.5,,673.0,100,13.2,0.3187,0.5435,0.1377,0.4958,0.3213,0.1828,90.0,10.0,16.5,0.2229,0.0135,16.56,1,88.5,81.5,0.1742,0.1443
260829_0055,select,,16.0,16.0,279.7,16|76|136,P2,parallel,136.5,,658.0,104,12.4,0.2625,0.6145,0.123,0.5334,0.1878,0.2788,90.0,20.0,136.5,0.4275,0.0135,31.76,1,85.0,66.7,0.1742,0.1443
260829_0106,control,,-16.0,-16.0,325.2,19|79|139,P1,solid,0.0,,647.0,264,4.8,0.3233,0.4598,0.2169,0.2444,0.5025,0.2531,90.0,90.0,None,0.0781,0.0149,5.24,1,85.9,81.1,0.2201,0.2518
260829_0106,control,,-16.0,-16.0,325.2,19|79|139,P2,parallel,19.0,,661.0,72,18.0,0.2931,0.5596,0.1473,0.6559,0.0915,0.2526,90.0,20.0,19.0,0.4721,0.0149,31.68,1,89.5,76.1,0.2201,0.2518
260829_0118,shear,,16.0,-16.0,279.7,16|76|136,P1,sheared,16.5,90.0,673.0,100,13.2,0.2578,0.5832,0.159,0.6427,0.0572,0.3001,90.0,10.0,16.5,0.5213,0.0096,54.31,1,90.1,78.1,0.2586,0.3185
260829_0118,shear,,16.0,-16.0,279.7,16|76|136,P2,sheared,16.5,60.0,667.0,86,15.2,0.2971,0.5681,0.1348,0.7975,0.0239,0.1786,90.0,20.0,16.5,0.5394,0.0096,56.2,1,88.4,82.0,0.2586,0.3185
260829_0153,select,,-16.0,16.0,300.8,12|72|132,P1,parallel,71.5,,117.0,82,2.8,0.3228,0.4526,0.2246,0.3521,0.487,0.161,65.0,70.0,71.5,0.0547,0.0251,2.18,1,77.4,74.1,0.2061,0.2015
260829_0153,select,,-16.0,16.0,300.8,12|72|132,P2,parallel,131.5,,120.0,84,2.8,0.2753,0.42,0.3047,0.378,0.2417,0.3803,65.0,0.0,131.5,0.1694,0.0251,6.74,1,70.9,71.7,0.2061,0.2015
260829_0204,select,,-24.0,-24.0,325.2,12|72|132,P1,parallel,11.5,,114.0,70,3.2,0.5509,0.2906,0.1585,0.2209,0.3467,0.4324,25.0,15.0,11.5,0.323,0.0192,16.79,1,82.9,77.6,0.1954,0.1906
260829_0204,select,,-24.0,-24.0,325.2,12|72|132,P2,parallel,131.5,,114.0,70,3.2,0.4138,0.3386,0.2476,0.4139,0.2765,0.3096,25.0,10.0,131.5,0.0635,0.0192,3.3,1,80.4,70.6,0.1954,0.1906
260829_0212,select,,0.0,24.0,245.4,16|76|136,P1,parallel,76.5,,107.0,96,1.6,0.4311,0.3302,0.2387,0.2457,0.4733,0.281,90.0,80.0,76.5,0.1931,0.0147,13.13,1,78.5,73.0,0.1963,0.2184
260829_0212,select,,0.0,24.0,245.4,16|76|136,P2,parallel,136.5,,122.0,88,2.0,0.4797,0.2601,0.2602,0.3871,0.1554,0.4575,115.0,135.0,136.5,0.194,0.0147,13.19,1,86.7,76.9,0.1963,0.2184
260829_0220,select,,0.0,-24.0,300.8,19|79|139,P1,parallel,19.0,,117.0,82,2.8,0.4757,0.3613,0.1629,0.8145,0.1148,0.0707,90.0,15.0,19.0,0.3392,0.0205,16.5,1,82.5,84.5,0.1895,0.2731
260829_0220,select,,0.0,-24.0,300.8,19|79|139,P2,parallel,139.0,,120.0,84,2.8,0.4872,0.2778,0.2351,0.2668,0.1524,0.5808,70.0,135.0,139.0,0.3377,0.0205,16.43,1,81.5,68.0,0.1895,0.2731
260829_0228,select,,24.0,-24.0,261.4,14|74|134,P1,parallel,14.0,,111.0,80,2.0,0.2792,0.4093,0.3115,0.4504,0.1794,0.3702,90.0,10.0,14.0,0.2446,0.0131,18.62,1,82.5,78.4,0.1988,0.2278
260829_0228,select,,24.0,-24.0,261.4,14|74|134,P2,parallel,134.0,,117.0,84,2.0,0.3687,0.5285,0.1028,0.2445,0.3389,0.4166,90.0,135.0,134.0,0.3188,0.0131,24.27,1,91.9,72.8,0.1988,0.2278
