path,archive,bytes,sha256
.gitignore,github-code,463,3fa715144eaeb4af76b9679dc044224ab1a2a7dc31764d82170e683203a7cc0a
CITATION.cff,github-code,801,919d9d4ba746ef31dca55aed5ab7221e43c0740dbbdfab99a2d004dfa20a3c5f
Clean up data to train DT.ipynb,github-code,98939,4aae54661bbb60a221be3bc4429635b2605e22a56453d0d7dd430e42ce6858ab
DATA_README.md,github-code,8190,c2cf4250cc6f32273df1ff4bd01e426cb28a46a6acb1f83593275300992bc9c7
DEPOSITION_CHECKLIST.md,github-code,2753,cc535ce35feb5f0125e9f73e8c998930248dd86e2a7f526262469c18671b6b3c
DT-SPM framework TRANSFER — Multi75 cali.ipynb,github-code,155031,1b8b25b58bf4f6f23ccfa2a4e47841b590215e62d4ac7bcbe8277cac07eda73e
DT-SPM_FD based_RL_v9.ipynb,github-code,1122883,cba9141da0693d8aa2c5cc1ddab7c7aac55a78e538f3f860b56ecc566435f1bf
DT-SPM_R1_reproduce.ipynb,github-code,3350,63e5fd7e24fa1506e7c8327c25e75d352c0192a1f0e84bb7ede93d10295f0f60
DT-SPM_colab/DT-SPM_full_digital_twin.ipynb,github-code,160470,6806294a102690ebff3afe62316fac59773aaa93374254f407933b3d66ce0515
FD_calibration_Tap300_v2.ipynb,github-code,169862,43eac8af793c676aa6d847ca2f5ad3116341526e755a4b8049c3cbb1997a2139
FD_calibration_cali_fd_v2.ipynb,github-code,147332,7c2a540b75750b3cabf25e24b3465680feec739dbce817d8ccafe432967e876e
Fit DT controller parameters to experimental scans_v2.ipynb,github-code,114078,5c3bb9a829a9719674a62b69113092a39572a6167795d7cb125f83a2a797a5c2
MANIFEST_data.sha256,github-code,43258,aafd1b1644228f10eed8f6721244dddb02b4558e52a7677c6fc060de2b84400a
NOTEBOOKS.md,github-code,2066,b800152766679da38c7062a37d328d53dec3682ebc74965f5cdfbfafc6a53d2b
README.md,github-code,9576,9bba441824da29767c5151688a5a03371288bb3ebfce158c7f37dad237c673d2
REPRODUCTION_MAP.md,github-code,3764,c5cf17d6f3107d56408479a608038559274c4544ef7ffa9dd9403f5542ec4035
RIGHTS_AND_RELEASE_STATUS.txt,github-code,1083,04be841418d2b9c5ab32cf2021a4619b3319b3bb3d51407fa4e81e37ea1966bd
UPLOAD_INSTRUCTIONS.md,github-code,3410,a66ac3052ab613a665b009c9119d6484160cf5232c7cdab822897f94326124ba
VERIFICATION_REPORT.md,github-code,5662,da7a8af49f6033646e64b4a212b2e7f54c6f4c1866ef250e4b21e0501eb3b332
build_archives.py,github-code,5013,14b8a3d30d736f5642d3276bb17f7f40fd23b826c44cd7aeb8be42ec2ced0191
codes/Scanner_fixed.py,github-code,86433,a92e987fdfdf4d0741ee6b754020aa1ec945164171cc92c7a9b9c5433cb88649
codes/Scanner_fixed_extended_fd.py,github-code,90221,3c1151ba7a6e1931506c9ebab3a3c9f806158df916baafa99dedfeffacef6fda
codes/Scanner_numba_substeps.py,github-code,142384,e8027ce9a48ed9373d4ff0c25c30af1d57ad499fa905082a73f6d09a37e304e2
codes/Scanner_numba_substeps_v3.py,github-code,146265,4dd42cb6b5cae3d4ed919f8dd295d109d29ffec34a621a451abb0381d68f2616
codes/__init__.py,github-code,30,5554b5f99eef38d31411a8717d23c65493c873c1ccbbefc97994db3628eecad8
codes/_dt_plotkit.py,github-code,7884,4f63089eca5653c1dd6feaf4e5f40f802dffba0c0bd201a411227be76924c1a9
codes/_make_comparison_figures.py,github-code,18241,a8d14a82fc956a9a3f2ba8bb205fb49d0ab2434f07817d187f730583ffbba83c
codes/_make_manuscript_figures_v2.py,github-code,49099,30c499c1b697653c7e73d3851826fdb7cea15e64c9e43e55d27121178c3c36d2
codes/_make_pro_figures.py,github-code,13058,49b2479e11c4f282e6b445ed7482e17b685523eb9d43c95005510ceb11429230
codes/_make_pub_figures.py,github-code,16535,aa6a6f3334098d622a8d68f1d897884093d0631d839a147480f8ebf5a2a57654
codes/_nature_style.py,github-code,1676,e5c167b964e15dcce2da9c7c6e994b31c346941d1d326991193bb655b575f1b9
codes/_qsafety_ap.py,github-code,8338,057a6b8f9a85e7baf7bef2a0bfd7d7e6ab7c6e440363fecad926e1c4d8df6457
codes/cali_v2_multiobjective_loss.py,github-code,7689,347e3810c4e20629047cf3602df7d7fa242c63818f370d4e094232fe131fb9b1
codes/cali_v2_refit_with_multiobjective_loss.py,github-code,20781,e3a4f9ee423214a8e93247ecd68a0148bc0d016d170f135058277083f8e150d9
codes/cali_v2_synthetic_grating.py,github-code,4865,face580cc301b980b5439fadfbc555736e7997dca75e844cba7836bfaf7393ce
codes/dt_fd_dynamic_residual_layers.py,github-code,34654,f2d79c2f25a480980203f9b53d6c92e1655db4211e6642db0059027c01fc8e7e
codes/dt_gp_static_calibration_v3.py,github-code,36921,6200a43dfa36975eb6658e9cd1108fdb08f911f7f5b8c58b1a25a981e70ff4fe
codes/dt_static_dynamic_calibration_scaffold.py,github-code,30953,e58b42d685d1ca4f2ccc9babb3bfb994dfdb26b977f5b647a70eae863b5f8f04
codes/dt_static_dynamic_calibration_scaffold_v2.py,github-code,36325,e5d1fbcbdd1a13a27a3113f61d1df658f8082bb46062ec48d6233345ede098ac
codes/dt_static_dynamic_calibration_scaffold_v3.py,github-code,36780,2999f2cf9378d49e3272e70581d7106649562dd6396b15be9ccde3257898c5d7
codes/dt_static_fit_visualization.py,github-code,20830,d1983d6fcddcf0a674c6a291ae46514a9d3f79a2f19c4d53e0fbc1b941abb070
codes/dt_trace_classifier.py,github-code,9447,b4c976bfa2f925e911bf1d80b982a397620efd475df8148129a75eed0e55bd21
codes/expscan_build_predictions.py,github-code,8669,0a46b57cbb1ead70ceebbe4a281e8e35f50c73aad77a75ea30553813bdd0f9c2
codes/nature_expscan_figures.py,github-code,26210,bbeff854f9ba9f54ca146ec40cd162d8c55f9e19869c8985101439a465f9a0b0
codes/nature_insight_figures.py,github-code,21965,0389c7f7912023eab94220086ea6ebff927482c607873b8146a1a9f647122b08
codes/nature_statement_figures.py,github-code,25222,58b1a8f5b037d5a60aa79f87222c10b8abafd8c29a901d2e3983fbb994f1952b
codes/nature_style_outputs.py,github-code,707,cac19121416c9ba55821f2cc79fbd1db075a0c3cc430c7e393d38112ffadaa00
codes/scanner.py,github-code,103242,c427379aa8734aeae7d6e97c2e474a44d59f0650c2e66b5c4bd5f5f23f2c1b6d
codes/spm_fd_rk45_extended_calibration.py,github-code,60202,4f467238f4c1197350eaa9203799c03f36661e4310e768f754aaba3269ba51e8
codes/spm_force_models_branches.py,github-code,51618,9b29b8407e497b450f6a7608efc3b4eeedef4b6a0515273ccde851f1c8e348a1
codes/synthetic_scan_line_generator.py,github-code,28267,d94c7ebf249e119224f944a83f0b3c509de4101ad191e4b0e77c9def43dd5f59
compare_results.py,github-code,4289,07d6c8868e6af17a38337e2e9e7fcdee313dc2e5c1d483a69ac0b60ad9572116
dataset_config.json,github-code,469,270e08c0acc9511e4b31917db3fb56a3e7fd5dcb7d991711a26d200da0b8be4f
download_dataset.py,github-code,8215,31d155030c1c1e0a33b2b0f10fbd421e3ba0888502b887c1650c523a887dcddf
environment/README.md,github-code,1578,8e7efd8f8c0c68e6a69d10d3bee55868d12b77f2755df45e8d109c3d3aa21d21
environment/install_environment.py,github-code,1189,9cc5da1878c3b7f0b1a12a0e62d39a753e9ebaf695b92cbee4806da938071cf1
environment/requirements-lock.txt,github-code,1789,e68e0b79357a1278d52fe22a215b039a9b467a77eab4a3a76fcecd811111a761
environment/revised_analysis_record/environment_record.txt,github-code,426,3ddf16e56a68f6f5287048b359401af488f36941f37e91895f8280b985134ce1
environment/revised_analysis_record/install_dates.txt,github-code,451,2c34f217c4f1171aa92a7a0d4c9481603643ccb9b9198787c21fbe60c6d1727b
environment/revised_analysis_record/pip_freeze_full.txt,github-code,3178,e74dff000f2aa1cd8d20392f56f1b3876d8cf39c1eff258c40f83dfdf726e76d
environment/revised_analysis_record/requirements-lock.txt,github-code,948,a90aaaa58d6f1de8372aae6228c1560b7ec4a10f719ee03368ab0bf067f3ce3a
environment/validation_environment.json,github-code,521,c242bfafea54e870f52b973c83dc61f5b7d3029fedbf8d6dca1198f5eb46091a
environment/validation_pip_check.txt,github-code,65,0a7d8ba6390b67cb51c5f33994edbc0b46d013cac656e697c02e6cfee18bc23e
environment/validation_pip_freeze.txt,github-code,1754,a30ff1fc44b6b25be38f4323fc7884a4da050c1f09f6191ec14c8d061ee6dd37
metadata/code_record_draft.json,github-code,1657,9cd99dc74aa5cf94e51617b93397c8fc11ed5cb2afbf5f8d76cf0d45ce957af1
metadata/documentation_review.json,github-code,1115,87f18d55a70f69e1ec84ca7e7719ad7b0b67020453c8af4187d24542faa123f3
metadata/github_package_validation.json,github-code,3590,7db1de7f80c65df8f50afa3e09015426d40467e5cb3b454d7fa398b908b46642
metadata/hosting.json,github-code,562,0d15a4e2b7629bc48112c87c0adaf57758ae4bdec1881c61646fec2e7c07c1d1
metadata/portability_changes.json,github-code,1713,a0a7fa67aba5c926141eec87f6a1ff88a1f3da8d384c80789fa570824de2fda3
metadata/source_inventory.json,github-code,76870,1d07bbbc598a0855a60fc665829d4049b06b2179d1c2bc8d321e1253bae2b74d
revision_2026-09/codes/rv_audit.py,github-code,6324,ae4fe309c35140e135f3fb6fc9f7b45f115db6729e41dca70c89befe13d9326a
revision_2026-09/codes/rv_benchmark.py,github-code,8133,b5e1b172c1a49af2dcc976bb9a959ab0a37f91fdf3ddb94969f15bba16199544
revision_2026-09/codes/rv_build_bundles.py,github-code,9845,cd516790066fbde334441a8cc948dbdcc8ab9277aa93e90e21c57070a9251963
revision_2026-09/codes/rv_build_fd.py,github-code,2867,23103b9031bb72507e79e1f2071bf6e3d17a2aefcc7616f0509ba957b6d10010
revision_2026-09/codes/rv_common.py,github-code,7776,b01401ec0961c7d31bb25c570fe58fa499b856f5d8ca46ee184f0e165384a358
revision_2026-09/codes/rv_figures.py,github-code,24713,db431c5e0c9178d4893e9d74c7c8a83db4b29bb5ff3138e4cc31104d1b0971bc
revision_2026-09/codes/rv_grating.py,github-code,8927,9efdb222cc5199253c3303659c3749a7a6f4b93ba4644c036f962c04b42611b6
revision_2026-09/codes/rv_invariance_test.py,github-code,1435,f60eab41187aab3453ddcb105710cbb5d7e6e11063b146b3d03cda8f0fdcf5a6
revision_2026-09/codes/rv_learning_curve.py,github-code,3328,f1a53a66e4026c90a6a966dd97447342eb7fbc673d8c4c8bf930242c183f4aaa
revision_2026-09/codes/rv_legacy_figures.py,github-code,803,1b6ef77b159d5f6e121ece0ddc897a69e84fc16e95726324a0008673ade82eb7
revision_2026-09/codes/rv_manifests.py,github-code,3265,dfe8320545c1a63c6f2e965718c2eb47e75c1a2a75faba5649ac69e0e08e550c
revision_2026-09/codes/rv_mechanism.py,github-code,4096,ab10ea8ab475e3b7e7f1750453048525445d55e7f536a196104f2e5d58e1d363
revision_2026-09/codes/rv_run_tap300.py,github-code,7112,b8b56f818273f56cd4202f8b82360d2efc85fe585fd423b9518f2409fb20a3ac
revision_2026-09/codes/rv_si_tables.py,github-code,8855,e1c437dbac2d7578a7d7c04695375aa658612c94caf076b3e16081250c968708
revision_2026-09/codes/rv_step2_cv.py,github-code,5287,c1ffacd3b1c4494e0742533cfa7f8f896e6966071042c4e032006d8a7baf88c4
revision_2026-09/codes/rv_tap300.py,github-code,10274,b31b7d039e148804f3da8dc3e9cf861163676f29d1d80cc289ea032a1b1a353c
run_reproduction.py,github-code,2511,73cc4e57e11df628183af1d1def837829b8b2dd7cc0a439e86e733b9588c2b8d
tests/test_download_dataset.py,github-code,5112,204d3793060696bf9cbbe2feb6643f9b661e3c6c717c7f5e184b6ffaababaee2
verify_package.py,github-code,1027,cfe0ed22551a81284ae9726ac3d296da1195c44ee61f233a432b2cb2365ede4a
